Workbook

Sheet Jan
A1: PREASONT REPORT IN THE MONTH OF JAN 2015
A3: A - ABSENT | B3: L - LEAVE | F3: WO - WEEKLY OFF | K3: PH - PUBLIC HOLIDAY | P3: CO - COMP. OFF | U3: ML - MEDICAL. LEAVE | AA3: ODK - WORK AT KARAI
B4: CALENDER DATES
A5: NAME | B5: 1 | C5: 2 | D5: 3 | E5: 4 | F5: 5 | G5: 6 | H5: 7 | I5: 8 | J5: 9 | K5: 10 | L5: 11 | M5: 12 | N5: 13 | O5: 14 | P5: 15 | Q5: 16 | R5: 17 | S5: 18 | T5: 19 | U5: 20 | V5: 21 | W5: 22 | X5: 23 | Y5: 24 | Z5: 25 | AA5: 26 | AB5: 27 | AC5: 28 | AD5: 29 | AE5: 30 | AF5: 31 | AG5: P | AH5: ODK | AI5: A | AJ5: L | AK5: WO | AL5: PH | AM5: CO | AN5: ML | AO5: REMARKS
A6: PETER NORONHA | B6: P | C6: P | D6: l | AG6: =COUNTIF($B6:$AF6,$AG$5) | AH6: =COUNTIF($B6:$AF6,$AH$5) | AI6: =COUNTIF($B6:$AF6,$AI$5) | AJ6: =COUNTIF($B6:$AF6,$AJ$5) | AK6: =COUNTIF($B6:$AF6,$AK$5) | AL6: =COUNTIF($B6:$AF6,$AL$5) | AM6: =COUNTIF($B6:$AF6,$AM$5) | AN6: =COUNTIF($B6:$AF6,$AN$5) | AO6: 1 COM-OFF
A7: PETER NORONHA | B7: P | C7: P | D7: l | AG7: =COUNTIF($B7:$AF7,$AG$5) | AH7: =COUNTIF($B7:$AF7,$AH$5) | AI7: =COUNTIF($B7:$AF7,$AI$5) | AJ7: =COUNTIF($B7:$AF7,$AJ$5) | AK7: =COUNTIF($B7:$AF7,$AK$5) | AL7: =COUNTIF($B7:$AF7,$AL$5) | AM7: =COUNTIF($B7:$AF7,$AM$5) | AN7: =COUNTIF($B7:$AF7,$AN$5)
A8: SHYAMBALI PAL | B8: p | C8: a | D8: l | AG8: =COUNTIF($B8:$AF8,$AG$5) | AH8: =COUNTIF($B8:$AF8,$AH$5) | AI8: =COUNTIF($B8:$AF8,$AI$5) | AJ8: =COUNTIF($B8:$AF8,$AJ$5) | AK8: =COUNTIF($B8:$AF8,$AK$5) | AL8: =COUNTIF($B8:$AF8,$AL$5) | AM8: =COUNTIF($B8:$AF8,$AM$5) | AN8: =COUNTIF($B8:$AF8,$AN$5)
A9: SHYAMBALI PAL | B9: p | C9: a | D9: l | AG9: =COUNTIF($B9:$AF9,$AG$5) | AH9: =COUNTIF($B9:$AF9,$AH$5) | AI9: =COUNTIF($B9:$AF9,$AI$5) | AJ9: =COUNTIF($B9:$AF9,$AJ$5) | AK9: =COUNTIF($B9:$AF9,$AK$5) | AL9: =COUNTIF($B9:$AF9,$AL$5) | AM9: =COUNTIF($B9:$AF9,$AM$5) | AN9: =COUNTIF($B9:$AF9,$AN$5)
A10: SHATRUDHAN MAHATO | D10: l | AG10: =COUNTIF($B10:$AF10,$AG$5) | AH10: =COUNTIF($B10:$AF10,$AH$5) | AI10: =COUNTIF($B10:$AF10,$AI$5) | AJ10: =COUNTIF($B10:$AF10,$AJ$5) | AK10: =COUNTIF($B10:$AF10,$AK$5) | AL10: =COUNTIF($B10:$AF10,$AL$5) | AM10: =COUNTIF($B10:$AF10,$AM$5) | AN10: =COUNTIF($B10:$AF10,$AN$5)
A11: SHATRUDHAN MAHATO | D11: l | AG11: =COUNTIF($B11:$AF11,$AG$5) | AH11: =COUNTIF($B11:$AF11,$AH$5) | AI11: =COUNTIF($B11:$AF11,$AI$5) | AJ11: =COUNTIF($B11:$AF11,$AJ$5) | AK11: =COUNTIF($B11:$AF11,$AK$5) | AL11: =COUNTIF($B11:$AF11,$AL$5) | AM11: =COUNTIF($B11:$AF11,$AM$5) | AN11: =COUNTIF($B11:$AF11,$AN$5)
A12: RAVINDRA V. GOVEKAR | AG12: =COUNTIF($B12:$AF12,$AG$5) | AH12: =COUNTIF($B12:$AF12,$AH$5) | AI12: =COUNTIF($B12:$AF12,$AI$5) | AJ12: =COUNTIF($B12:$AF12,$AJ$5) | AK12: =COUNTIF($B12:$AF12,$AK$5) | AL12: =COUNTIF($B12:$AF12,$AL$5) | AM12: =COUNTIF($B12:$AF12,$AM$5) | AN12: =COUNTIF($B12:$AF12,$AN$5)
A13: RAVINDRA V. GOVEKAR | AG13: =COUNTIF($B13:$AF13,$AG$5) | AH13: =COUNTIF($B13:$AF13,$AH$5) | AI13: =COUNTIF($B13:$AF13,$AI$5) | AJ13: =COUNTIF($B13:$AF13,$AJ$5) | AK13: =COUNTIF($B13:$AF13,$AK$5) | AL13: =COUNTIF($B13:$AF13,$AL$5) | AM13: =COUNTIF($B13:$AF13,$AM$5) | AN13: =COUNTIF($B13:$AF13,$AN$5)
A14: DEEPAK WARPE | AG14: =COUNTIF($B14:$AF14,$AG$5) | AH14: =COUNTIF($B14:$AF14,$AH$5) | AI14: =COUNTIF($B14:$AF14,$AI$5) | AJ14: =COUNTIF($B14:$AF14,$AJ$5) | AK14: =COUNTIF($B14:$AF14,$AK$5) | AL14: =COUNTIF($B14:$AF14,$AL$5) | AM14: =COUNTIF($B14:$AF14,$AM$5) | AN14: =COUNTIF($B14:$AF14,$AN$5)
A15: DEEPAK WARPE | AG15: =COUNTIF($B15:$AF15,$AG$5) | AH15: =COUNTIF($B15:$AF15,$AH$5) | AI15: =COUNTIF($B15:$AF15,$AI$5) | AJ15: =COUNTIF($B15:$AF15,$AJ$5) | AK15: =COUNTIF($B15:$AF15,$AK$5) | AL15: =COUNTIF($B15:$AF15,$AL$5) | AM15: =COUNTIF($B15:$AF15,$AM$5) | AN15: =COUNTIF($B15:$AF15,$AN$5)
A16: RAVINDRA G. GOVEKAR | AG16: =COUNTIF($B16:$AF16,$AG$5) | AH16: =COUNTIF($B16:$AF16,$AH$5) | AI16: =COUNTIF($B16:$AF16,$AI$5) | AJ16: =COUNTIF($B16:$AF16,$AJ$5) | AK16: =COUNTIF($B16:$AF16,$AK$5) | AL16: =COUNTIF($B16:$AF16,$AL$5) | AM16: =COUNTIF($B16:$AF16,$AM$5) | AN16: =COUNTIF($B16:$AF16,$AN$5)
A17: RAVINDRA G. GOVEKAR | AG17: =COUNTIF($B17:$AF17,$AG$5) | AH17: =COUNTIF($B17:$AF17,$AH$5) | AI17: =COUNTIF($B17:$AF17,$AI$5) | AJ17: =COUNTIF($B17:$AF17,$AJ$5) | AK17: =COUNTIF($B17:$AF17,$AK$5) | AL17: =COUNTIF($B17:$AF17,$AL$5) | AM17: =COUNTIF($B17:$AF17,$AM$5) | AN17: =COUNTIF($B17:$AF17,$AN$5)
A18: JOEL FERNANDES | AG18: =COUNTIF($B18:$AF18,$AG$5) | AH18: =COUNTIF($B18:$AF18,$AH$5) | AI18: =COUNTIF($B18:$AF18,$AI$5) | AJ18: =COUNTIF($B18:$AF18,$AJ$5) | AK18: =COUNTIF($B18:$AF18,$AK$5) | AL18: =COUNTIF($B18:$AF18,$AL$5) | AM18: =COUNTIF($B18:$AF18,$AM$5) | AN18: =COUNTIF($B18:$AF18,$AN$5)
A19: JOEL FERNANDES | AG19: =COUNTIF($B19:$AF19,$AG$5) | AH19: =COUNTIF($B19:$AF19,$AH$5) | AI19: =COUNTIF($B19:$AF19,$AI$5) | AJ19: =COUNTIF($B19:$AF19,$AJ$5) | AK19: =COUNTIF($B19:$AF19,$AK$5) | AL19: =COUNTIF($B19:$AF19,$AL$5) | AM19: =COUNTIF($B19:$AF19,$AM$5) | AN19: =COUNTIF($B19:$AF19,$AN$5)
A20: RUZAR VAZ | AG20: =COUNTIF($B20:$AF20,$AG$5) | AH20: =COUNTIF($B20:$AF20,$AH$5) | AI20: =COUNTIF($B20:$AF20,$AI$5) | AJ20: =COUNTIF($B20:$AF20,$AJ$5) | AK20: =COUNTIF($B20:$AF20,$AK$5) | AL20: =COUNTIF($B20:$AF20,$AL$5) | AM20: =COUNTIF($B20:$AF20,$AM$5) | AN20: =COUNTIF($B20:$AF20,$AN$5)
A21: RUZAR VAZ | AG21: =COUNTIF($B21:$AF21,$AG$5) | AH21: =COUNTIF($B21:$AF21,$AH$5) | AI21: =COUNTIF($B21:$AF21,$AI$5) | AJ21: =COUNTIF($B21:$AF21,$AJ$5) | AK21: =COUNTIF($B21:$AF21,$AK$5) | AL21: =COUNTIF($B21:$AF21,$AL$5) | AM21: =COUNTIF($B21:$AF21,$AM$5) | AN21: =COUNTIF($B21:$AF21,$AN$5)
A22: DHARMENDRA KUMAR | AG22: =COUNTIF($B22:$AF22,$AG$5) | AH22: =COUNTIF($B22:$AF22,$AH$5) | AI22: =COUNTIF($B22:$AF22,$AI$5) | AJ22: =COUNTIF($B22:$AF22,$AJ$5) | AK22: =COUNTIF($B22:$AF22,$AK$5) | AL22: =COUNTIF($B22:$AF22,$AL$5) | AM22: =COUNTIF($B22:$AF22,$AM$5) | AN22: =COUNTIF($B22:$AF22,$AN$5)
A23: DHARMENDRA KUMAR | AG23: =COUNTIF($B23:$AF23,$AG$5) | AH23: =COUNTIF($B23:$AF23,$AH$5) | AI23: =COUNTIF($B23:$AF23,$AI$5) | AJ23: =COUNTIF($B23:$AF23,$AJ$5) | AK23: =COUNTIF($B23:$AF23,$AK$5) | AL23: =COUNTIF($B23:$AF23,$AL$5) | AM23: =COUNTIF($B23:$AF23,$AM$5) | AN23: =COUNTIF($B23:$AF23,$AN$5)
... A25: RESHMA KHOLKAR | AG25: =COUNTIF($B25:$AF25,$AG$5) | AH25: =COUNTIF($B25:$AF25,$AH$5) | AI25: =COUNTIF($B25:$AF25,$AI$5) | AJ25: =COUNTIF($B25:$AF25,$AJ$5) | AK25: =COUNTIF($B25:$AF25,$AK$5) | AL25: =COUNTIF($B25:$AF25,$AL$5) | AM25: =COUNTIF($B25:$AF25,$AM$5) | AN25: =COUNTIF($B25:$AF25,$AN$5)
AG26: =COUNTIF($B26:$AF26,$AG$5) | AH26: =COUNTIF($B26:$AF26,$AH$5) | AI26: =COUNTIF($B26:$AF26,$AI$5) | AJ26: =COUNTIF($B26:$AF26,$AJ$5) | AK26: =COUNTIF($B26:$AF26,$AK$5) | AL26: =COUNTIF($B26:$AF26,$AL$5) | AM26: =COUNTIF($B26:$AF26,$AM$5) | AN26: =COUNTIF($B26:$AF26,$AN$5)
AG27: =COUNTIF($B27:$AF27,$AG$5) | AH27: =COUNTIF($B27:$AF27,$AH$5) | AI27: =COUNTIF($B27:$AF27,$AI$5) | AJ27: =COUNTIF($B27:$AF27,$AJ$5) | AK27: =COUNTIF($B27:$AF27,$AK$5) | AL27: =COUNTIF($B27:$AF27,$AL$5) | AM27: =COUNTIF($B27:$AF27,$AM$5) | AN27: =COUNTIF($B27:$AF27,$AN$5)
AG28: =COUNTIF($B28:$AF28,$AG$5) | AH28: =COUNTIF($B28:$AF28,$AH$5) | AI28: =COUNTIF($B28:$AF28,$AI$5) | AJ28: =COUNTIF($B28:$AF28,$AJ$5) | AK28: =COUNTIF($B28:$AF28,$AK$5) | AL28: =COUNTIF($B28:$AF28,$AL$5) | AM28: =COUNTIF($B28:$AF28,$AM$5) | AN28: =COUNTIF($B28:$AF28,$AN$5)
AG29: =COUNTIF($B29:$AF29,$AG$5) | AH29: =COUNTIF($B29:$AF29,$AH$5) | AI29: =COUNTIF($B29:$AF29,$AI$5) | AJ29: =COUNTIF($B29:$AF29,$AJ$5) | AK29: =COUNTIF($B29:$AF29,$AK$5) | AL29: =COUNTIF($B29:$AF29,$AL$5) | AM29: =COUNTIF($B29:$AF29,$AM$5) | AN29: =COUNTIF($B29:$AF29,$AN$5)
AG30: =COUNTIF($B30:$AF30,$AG$5) | AH30: =COUNTIF($B30:$AF30,$AH$5) | AI30: =COUNTIF($B30:$AF30,$AI$5) | AJ30: =COUNTIF($B30:$AF30,$AJ$5) | AK30: =COUNTIF($B30:$AF30,$AK$5) | AL30: =COUNTIF($B30:$AF30,$AL$5) | AM30: =COUNTIF($B30:$AF30,$AM$5) | AN30: =COUNTIF($B30:$AF30,$AN$5)
AG31: =COUNTIF($B31:$AF31,$AG$5) | AH31: =COUNTIF($B31:$AF31,$AH$5) | AI31: =COUNTIF($B31:$AF31,$AI$5) | AJ31: =COUNTIF($B31:$AF31,$AJ$5) | AK31: =COUNTIF($B31:$AF31,$AK$5) | AL31: =COUNTIF($B31:$AF31,$AL$5) | AM31: =COUNTIF($B31:$AF31,$AM$5) | AN31: =COUNTIF($B31:$AF31,$AN$5)
AG32: =COUNTIF($B32:$AF32,$AG$5) | AH32: =COUNTIF($B32:$AF32,$AH$5) | AI32: =COUNTIF($B32:$AF32,$AI$5) | AJ32: =COUNTIF($B32:$AF32,$AJ$5) | AK32: =COUNTIF($B32:$AF32,$AK$5) | AL32: =COUNTIF($B32:$AF32,$AL$5) | AM32: =COUNTIF($B32:$AF32,$AM$5) | AN32: =COUNTIF($B32:$AF32,$AN$5)
AG33: =COUNTIF($B33:$AF33,$AG$5) | AH33: =COUNTIF($B33:$AF33,$AH$5) | AI33: =COUNTIF($B33:$AF33,$AI$5) | AJ33: =COUNTIF($B33:$AF33,$AJ$5) | AK33: =COUNTIF($B33:$AF33,$AK$5) | AL33: =COUNTIF($B33:$AF33,$AL$5) | AM33: =COUNTIF($B33:$AF33,$AM$5) | AN33: =COUNTIF($B33:$AF33,$AN$5)
AG34: =COUNTIF($B34:$AF34,$AG$5) | AH34: =COUNTIF($B34:$AF34,$AH$5) | AI34: =COUNTIF($B34:$AF34,$AI$5) | AJ34: =COUNTIF($B34:$AF34,$AJ$5) | AK34: =COUNTIF($B34:$AF34,$AK$5) | AL34: =COUNTIF($B34:$AF34,$AL$5) | AM34: =COUNTIF($B34:$AF34,$AM$5) | AN34: =COUNTIF($B34:$AF34,$AN$5)
AG35: =COUNTIF($B35:$AF35,$AG$5) | AH35: =COUNTIF($B35:$AF35,$AH$5) | AI35: =COUNTIF($B35:$AF35,$AI$5) | AJ35: =COUNTIF($B35:$AF35,$AJ$5) | AK35: =COUNTIF($B35:$AF35,$AK$5) | AL35: =COUNTIF($B35:$AF35,$AL$5) | AM35: =COUNTIF($B35:$AF35,$AM$5) | AN35: =COUNTIF($B35:$AF35,$AN$5)
AG36: =COUNTIF($B36:$AF36,$AG$5) | AH36: =COUNTIF($B36:$AF36,$AH$5) | AI36: =COUNTIF($B36:$AF36,$AI$5) | AJ36: =COUNTIF($B36:$AF36,$AJ$5) | AK36: =COUNTIF($B36:$AF36,$AK$5) | AL36: =COUNTIF($B36:$AF36,$AL$5) | AM36: =COUNTIF($B36:$AF36,$AM$5) | AN36: =COUNTIF($B36:$AF36,$AN$5)
AG37: =COUNTIF($B37:$AF37,$AG$5) | AH37: =COUNTIF($B37:$AF37,$AH$5) | AI37: =COUNTIF($B37:$AF37,$AI$5) | AJ37: =COUNTIF($B37:$AF37,$AJ$5) | AK37: =COUNTIF($B37:$AF37,$AK$5) | AL37: =COUNTIF($B37:$AF37,$AL$5) | AM37: =COUNTIF($B37:$AF37,$AM$5) | AN37: =COUNTIF($B37:$AF37,$AN$5)
... AG49: =COUNTIF($B49:$AF49,$AG$5) | AH49: =COUNTIF($B49:$AF49,$AH$5) | AI49: =COUNTIF($B49:$AF49,$AI$5) | AJ49: =COUNTIF($B49:$AF49,$AJ$5) | AK49: =COUNTIF($B49:$AF49,$AK$5) | AL49: =COUNTIF($B49:$AF49,$AL$5) | AM49: =COUNTIF($B49:$AF49,$AM$5) | AN49: =COUNTIF($B49:$AF49,$AN$5)

Sheet Feb
A1: PREASONT REPORT IN THE MONTH OF FEB 2015
A3: A - ABSENT | B3: L - LEAVE | F3: WO - WEEKLY OFF | K3: PH - PUBLIC HOLIDAY | P3: CO - COMP. OFF | U3: ML - MEDICAL. LEAVE | AA3: ODK - WORK AT KARAI
B4: CALENDER DATES
A5: NAME | B5: 1 | C5: 2 | D5: 3 | E5: 4 | F5: 5 | G5: 6 | H5: 7 | I5: 8 | J5: 9 | K5: 10 | L5: 11 | M5: 12 | N5: 13 | O5: 14 | P5: 15 | Q5: 16 | R5: 17 | S5: 18 | T5: 19 | U5: 20 | V5: 21 | W5: 22 | X5: 23 | Y5: 24 | Z5: 25 | AA5: 26 | AB5: 27 | AC5: 28 | AD5: 29 | AE5: 30 | AF5: 31 | AG5: P | AH5: ODK | AI5: A | AJ5: L | AK5: WO | AL5: PH | AM5: CO | AN5: ML | AO5: REMARKS
A6: =Jan!A6 | AG6: =COUNTIF($B6:$AF6,$AG$5) | AH6: =COUNTIF($B6:$AF6,$AH$5) | AI6: =COUNTIF($B6:$AF6,$AI$5) | AJ6: =COUNTIF($B6:$AF6,$AJ$5) | AK6: =COUNTIF($B6:$AF6,$AK$5) | AL6: =COUNTIF($B6:$AF6,$AL$5) | AM6: =COUNTIF($B6:$AF6,$AM$5) | AN6: =COUNTIF($B6:$AF6,$AN$5) | AO6: 1 COM-OFF
AG7: =COUNTIF($B7:$AF7,$AG$5) | AH7: =COUNTIF($B7:$AF7,$AH$5) | AI7: =COUNTIF($B7:$AF7,$AI$5) | AJ7: =COUNTIF($B7:$AF7,$AJ$5) | AK7: =COUNTIF($B7:$AF7,$AK$5) | AL7: =COUNTIF($B7:$AF7,$AL$5) | AM7: =COUNTIF($B7:$AF7,$AM$5) | AN7: =COUNTIF($B7:$AF7,$AN$5)
A8: =Jan!A8 | AG8: =COUNTIF($B8:$AF8,$AG$5) | AH8: =COUNTIF($B8:$AF8,$AH$5) | AI8: =COUNTIF($B8:$AF8,$AI$5) | AJ8: =COUNTIF($B8:$AF8,$AJ$5) | AK8: =COUNTIF($B8:$AF8,$AK$5) | AL8: =COUNTIF($B8:$AF8,$AL$5) | AM8: =COUNTIF($B8:$AF8,$AM$5) | AN8: =COUNTIF($B8:$AF8,$AN$5)
AG9: =COUNTIF($B9:$AF9,$AG$5) | AH9: =COUNTIF($B9:$AF9,$AH$5) | AI9: =COUNTIF($B9:$AF9,$AI$5) | AJ9: =COUNTIF($B9:$AF9,$AJ$5) | AK9: =COUNTIF($B9:$AF9,$AK$5) | AL9: =COUNTIF($B9:$AF9,$AL$5) | AM9: =COUNTIF($B9:$AF9,$AM$5) | AN9: =COUNTIF($B9:$AF9,$AN$5)
A10: =Jan!A10 | AG10: =COUNTIF($B10:$AF10,$AG$5) | AH10: =COUNTIF($B10:$AF10,$AH$5) | AI10: =COUNTIF($B10:$AF10,$AI$5) | AJ10: =COUNTIF($B10:$AF10,$AJ$5) | AK10: =COUNTIF($B10:$AF10,$AK$5) | AL10: =COUNTIF($B10:$AF10,$AL$5) | AM10: =COUNTIF($B10:$AF10,$AM$5) | AN10: =COUNTIF($B10:$AF10,$AN$5)
AG11: =COUNTIF($B11:$AF11,$AG$5) | AH11: =COUNTIF($B11:$AF11,$AH$5) | AI11: =COUNTIF($B11:$AF11,$AI$5) | AJ11: =COUNTIF($B11:$AF11,$AJ$5) | AK11: =COUNTIF($B11:$AF11,$AK$5) | AL11: =COUNTIF($B11:$AF11,$AL$5) | AM11: =COUNTIF($B11:$AF11,$AM$5) | AN11: =COUNTIF($B11:$AF11,$AN$5)
A12: =Jan!A12 | AG12: =COUNTIF($B12:$AF12,$AG$5) | AH12: =COUNTIF($B12:$AF12,$AH$5) | AI12: =COUNTIF($B12:$AF12,$AI$5) | AJ12: =COUNTIF($B12:$AF12,$AJ$5) | AK12: =COUNTIF($B12:$AF12,$AK$5) | AL12: =COUNTIF($B12:$AF12,$AL$5) | AM12: =COUNTIF($B12:$AF12,$AM$5) | AN12: =COUNTIF($B12:$AF12,$AN$5)
AG13: =COUNTIF($B13:$AF13,$AG$5) | AH13: =COUNTIF($B13:$AF13,$AH$5) | AI13: =COUNTIF($B13:$AF13,$AI$5) | AJ13: =COUNTIF($B13:$AF13,$AJ$5) | AK13: =COUNTIF($B13:$AF13,$AK$5) | AL13: =COUNTIF($B13:$AF13,$AL$5) | AM13: =COUNTIF($B13:$AF13,$AM$5) | AN13: =COUNTIF($B13:$AF13,$AN$5)
A14: =Jan!A14 | AG14: =COUNTIF($B14:$AF14,$AG$5) | AH14: =COUNTIF($B14:$AF14,$AH$5) | AI14: =COUNTIF($B14:$AF14,$AI$5) | AJ14: =COUNTIF($B14:$AF14,$AJ$5) | AK14: =COUNTIF($B14:$AF14,$AK$5) | AL14: =COUNTIF($B14:$AF14,$AL$5) | AM14: =COUNTIF($B14:$AF14,$AM$5) | AN14: =COUNTIF($B14:$AF14,$AN$5)
AG15: =COUNTIF($B15:$AF15,$AG$5) | AH15: =COUNTIF($B15:$AF15,$AH$5) | AI15: =COUNTIF($B15:$AF15,$AI$5) | AJ15: =COUNTIF($B15:$AF15,$AJ$5) | AK15: =COUNTIF($B15:$AF15,$AK$5) | AL15: =COUNTIF($B15:$AF15,$AL$5) | AM15: =COUNTIF($B15:$AF15,$AM$5) | AN15: =COUNTIF($B15:$AF15,$AN$5)
A16: =Jan!A16 | AG16: =COUNTIF($B16:$AF16,$AG$5) | AH16: =COUNTIF($B16:$AF16,$AH$5) | AI16: =COUNTIF($B16:$AF16,$AI$5) | AJ16: =COUNTIF($B16:$AF16,$AJ$5) | AK16: =COUNTIF($B16:$AF16,$AK$5) | AL16: =COUNTIF($B16:$AF16,$AL$5) | AM16: =COUNTIF($B16:$AF16,$AM$5) | AN16: =COUNTIF($B16:$AF16,$AN$5)
AG17: =COUNTIF($B17:$AF17,$AG$5) | AH17: =COUNTIF($B17:$AF17,$AH$5) | AI17: =COUNTIF($B17:$AF17,$AI$5) | AJ17: =COUNTIF($B17:$AF17,$AJ$5) | AK17: =COUNTIF($B17:$AF17,$AK$5) | AL17: =COUNTIF($B17:$AF17,$AL$5) | AM17: =COUNTIF($B17:$AF17,$AM$5) | AN17: =COUNTIF($B17:$AF17,$AN$5)
A18: =Jan!A18 | AG18: =COUNTIF($B18:$AF18,$AG$5) | AH18: =COUNTIF($B18:$AF18,$AH$5) | AI18: =COUNTIF($B18:$AF18,$AI$5) | AJ18: =COUNTIF($B18:$AF18,$AJ$5) | AK18: =COUNTIF($B18:$AF18,$AK$5) | AL18: =COUNTIF($B18:$AF18,$AL$5) | AM18: =COUNTIF($B18:$AF18,$AM$5) | AN18: =COUNTIF($B18:$AF18,$AN$5)
AG19: =COUNTIF($B19:$AF19,$AG$5) | AH19: =COUNTIF($B19:$AF19,$AH$5) | AI19: =COUNTIF($B19:$AF19,$AI$5) | AJ19: =COUNTIF($B19:$AF19,$AJ$5) | AK19: =COUNTIF($B19:$AF19,$AK$5) | AL19: =COUNTIF($B19:$AF19,$AL$5) | AM19: =COUNTIF($B19:$AF19,$AM$5) | AN19: =COUNTIF($B19:$AF19,$AN$5)
A20: =Jan!A20 | AG20: =COUNTIF($B20:$AF20,$AG$5) | AH20: =COUNTIF($B20:$AF20,$AH$5) | AI20: =COUNTIF($B20:$AF20,$AI$5) | AJ20: =COUNTIF($B20:$AF20,$AJ$5) | AK20: =COUNTIF($B20:$AF20,$AK$5) | AL20: =COUNTIF($B20:$AF20,$AL$5) | AM20: =COUNTIF($B20:$AF20,$AM$5) | AN20: =COUNTIF($B20:$AF20,$AN$5)
AG21: =COUNTIF($B21:$AF21,$AG$5) | AH21: =COUNTIF($B21:$AF21,$AH$5) | AI21: =COUNTIF($B21:$AF21,$AI$5) | AJ21: =COUNTIF($B21:$AF21,$AJ$5) | AK21: =COUNTIF($B21:$AF21,$AK$5) | AL21: =COUNTIF($B21:$AF21,$AL$5) | AM21: =COUNTIF($B21:$AF21,$AM$5) | AN21: =COUNTIF($B21:$AF21,$AN$5)
A22: =Jan!A22 | AG22: =COUNTIF($B22:$AF22,$AG$5) | AH22: =COUNTIF($B22:$AF22,$AH$5) | AI22: =COUNTIF($B22:$AF22,$AI$5) | AJ22: =COUNTIF($B22:$AF22,$AJ$5) | AK22: =COUNTIF($B22:$AF22,$AK$5) | AL22: =COUNTIF($B22:$AF22,$AL$5) | AM22: =COUNTIF($B22:$AF22,$AM$5) | AN22: =COUNTIF($B22:$AF22,$AN$5)
AG23: =COUNTIF($B23:$AF23,$AG$5) | AH23: =COUNTIF($B23:$AF23,$AH$5) | AI23: =COUNTIF($B23:$AF23,$AI$5) | AJ23: =COUNTIF($B23:$AF23,$AJ$5) | AK23: =COUNTIF($B23:$AF23,$AK$5) | AL23: =COUNTIF($B23:$AF23,$AL$5) | AM23: =COUNTIF($B23:$AF23,$AM$5) | AN23: =COUNTIF($B23:$AF23,$AN$5)
A24: =Jan!A24 | AG24: =COUNTIF($B24:$AF24,$AG$5) | AH24: =COUNTIF($B24:$AF24,$AH$5) | AI24: =COUNTIF($B24:$AF24,$AI$5) | AJ24: =COUNTIF($B24:$AF24,$AJ$5) | AK24: =COUNTIF($B24:$AF24,$AK$5) | AL24: =COUNTIF($B24:$AF24,$AL$5) | AM24: =COUNTIF($B24:$AF24,$AM$5) | AN24: =COUNTIF($B24:$AF24,$AN$5)
AG25: =COUNTIF($B25:$AF25,$AG$5) | AH25: =COUNTIF($B25:$AF25,$AH$5) | AI25: =COUNTIF($B25:$AF25,$AI$5) | AJ25: =COUNTIF($B25:$AF25,$AJ$5) | AK25: =COUNTIF($B25:$AF25,$AK$5) | AL25: =COUNTIF($B25:$AF25,$AL$5) | AM25: =COUNTIF($B25:$AF25,$AM$5) | AN25: =COUNTIF($B25:$AF25,$AN$5)
A26: =Jan!A26 | AG26: =COUNTIF($B26:$AF26,$AG$5) | AH26: =COUNTIF($B26:$AF26,$AH$5) | AI26: =COUNTIF($B26:$AF26,$AI$5) | AJ26: =COUNTIF($B26:$AF26,$AJ$5) | AK26: =COUNTIF($B26:$AF26,$AK$5) | AL26: =COUNTIF($B26:$AF26,$AL$5) | AM26: =COUNTIF($B26:$AF26,$AM$5) | AN26: =COUNTIF($B26:$AF26,$AN$5)
AG27: =COUNTIF($B27:$AF27,$AG$5) | AH27: =COUNTIF($B27:$AF27,$AH$5) | AI27: =COUNTIF($B27:$AF27,$AI$5) | AJ27: =COUNTIF($B27:$AF27,$AJ$5) | AK27: =COUNTIF($B27:$AF27,$AK$5) | AL27: =COUNTIF($B27:$AF27,$AL$5) | AM27: =COUNTIF($B27:$AF27,$AM$5) | AN27: =COUNTIF($B27:$AF27,$AN$5)
A28: =Jan!A28 | AG28: =COUNTIF($B28:$AF28,$AG$5) | AH28: =COUNTIF($B28:$AF28,$AH$5) | AI28: =COUNTIF($B28:$AF28,$AI$5) | AJ28: =COUNTIF($B28:$AF28,$AJ$5) | AK28: =COUNTIF($B28:$AF28,$AK$5) | AL28: =COUNTIF($B28:$AF28,$AL$5) | AM28: =COUNTIF($B28:$AF28,$AM$5) | AN28: =COUNTIF($B28:$AF28,$AN$5)
AG29: =COUNTIF($B29:$AF29,$AG$5) | AH29: =COUNTIF($B29:$AF29,$AH$5) | AI29: =COUNTIF($B29:$AF29,$AI$5) | AJ29: =COUNTIF($B29:$AF29,$AJ$5) | AK29: =COUNTIF($B29:$AF29,$AK$5) | AL29: =COUNTIF($B29:$AF29,$AL$5) | AM29: =COUNTIF($B29:$AF29,$AM$5) | AN29: =COUNTIF($B29:$AF29,$AN$5)
A30: =Jan!A30 | AG30: =COUNTIF($B30:$AF30,$AG$5) | AH30: =COUNTIF($B30:$AF30,$AH$5) | AI30: =COUNTIF($B30:$AF30,$AI$5) | AJ30: =COUNTIF($B30:$AF30,$AJ$5) | AK30: =COUNTIF($B30:$AF30,$AK$5) | AL30: =COUNTIF($B30:$AF30,$AL$5) | AM30: =COUNTIF($B30:$AF30,$AM$5) | AN30: =COUNTIF($B30:$AF30,$AN$5)
AG31: =COUNTIF($B31:$AF31,$AG$5) | AH31: =COUNTIF($B31:$AF31,$AH$5) | AI31: =COUNTIF($B31:$AF31,$AI$5) | AJ31: =COUNTIF($B31:$AF31,$AJ$5) | AK31: =COUNTIF($B31:$AF31,$AK$5) | AL31: =COUNTIF($B31:$AF31,$AL$5) | AM31: =COUNTIF($B31:$AF31,$AM$5) | AN31: =COUNTIF($B31:$AF31,$AN$5)
A32: =Jan!A32 | AG32: =COUNTIF($B32:$AF32,$AG$5) | AH32: =COUNTIF($B32:$AF32,$AH$5) | AI32: =COUNTIF($B32:$AF32,$AI$5) | AJ32: =COUNTIF($B32:$AF32,$AJ$5) | AK32: =COUNTIF($B32:$AF32,$AK$5) | AL32: =COUNTIF($B32:$AF32,$AL$5) | AM32: =COUNTIF($B32:$AF32,$AM$5) | AN32: =COUNTIF($B32:$AF32,$AN$5)
AG33: =COUNTIF($B33:$AF33,$AG$5) | AH33: =COUNTIF($B33:$AF33,$AH$5) | AI33: =COUNTIF($B33:$AF33,$AI$5) | AJ33: =COUNTIF($B33:$AF33,$AJ$5) | AK33: =COUNTIF($B33:$AF33,$AK$5) | AL33: =COUNTIF($B33:$AF33,$AL$5) | AM33: =COUNTIF($B33:$AF33,$AM$5) | AN33: =COUNTIF($B33:$AF33,$AN$5)
A34: =Jan!A34 | AG34: =COUNTIF($B34:$AF34,$AG$5) | AH34: =COUNTIF($B34:$AF34,$AH$5) | AI34: =COUNTIF($B34:$AF34,$AI$5) | AJ34: =COUNTIF($B34:$AF34,$AJ$5) | AK34: =COUNTIF($B34:$AF34,$AK$5) | AL34: =COUNTIF($B34:$AF34,$AL$5) | AM34: =COUNTIF($B34:$AF34,$AM$5) | AN34: =COUNTIF($B34:$AF34,$AN$5)
AG35: =COUNTIF($B35:$AF35,$AG$5) | AH35: =COUNTIF($B35:$AF35,$AH$5) | AI35: =COUNTIF($B35:$AF35,$AI$5) | AJ35: =COUNTIF($B35:$AF35,$AJ$5) | AK35: =COUNTIF($B35:$AF35,$AK$5) | AL35: =COUNTIF($B35:$AF35,$AL$5) | AM35: =COUNTIF($B35:$AF35,$AM$5) | AN35: =COUNTIF($B35:$AF35,$AN$5)
A36: =Jan!A36 | AG36: =COUNTIF($B36:$AF36,$AG$5) | AH36: =COUNTIF($B36:$AF36,$AH$5) | AI36: =COUNTIF($B36:$AF36,$AI$5) | AJ36: =COUNTIF($B36:$AF36,$AJ$5) | AK36: =COUNTIF($B36:$AF36,$AK$5) | AL36: =COUNTIF($B36:$AF36,$AL$5) | AM36: =COUNTIF($B36:$AF36,$AM$5) | AN36: =COUNTIF($B36:$AF36,$AN$5)
AG37: =COUNTIF($B37:$AF37,$AG$5) | AH37: =COUNTIF($B37:$AF37,$AH$5) | AI37: =COUNTIF($B37:$AF37,$AI$5) | AJ37: =COUNTIF($B37:$AF37,$AJ$5) | AK37: =COUNTIF($B37:$AF37,$AK$5) | AL37: =COUNTIF($B37:$AF37,$AL$5) | AM37: =COUNTIF($B37:$AF37,$AM$5) | AN37: =COUNTIF($B37:$AF37,$AN$5)
A38: =Jan!A38 | AG38: =COUNTIF($B38:$AF38,$AG$5) | AH38: =COUNTIF($B38:$AF38,$AH$5) | AI38: =COUNTIF($B38:$AF38,$AI$5) | AJ38: =COUNTIF($B38:$AF38,$AJ$5) | AK38: =COUNTIF($B38:$AF38,$AK$5) | AL38: =COUNTIF($B38:$AF38,$AL$5) | AM38: =COUNTIF($B38:$AF38,$AM$5) | AN38: =COUNTIF($B38:$AF38,$AN$5)
AG39: =COUNTIF($B39:$AF39,$AG$5) | AH39: =COUNTIF($B39:$AF39,$AH$5) | AI39: =COUNTIF($B39:$AF39,$AI$5) | AJ39: =COUNTIF($B39:$AF39,$AJ$5) | AK39: =COUNTIF($B39:$AF39,$AK$5) | AL39: =COUNTIF($B39:$AF39,$AL$5) | AM39: =COUNTIF($B39:$AF39,$AM$5) | AN39: =COUNTIF($B39:$AF39,$AN$5)
A40: =Jan!A40 | AG40: =COUNTIF($B40:$AF40,$AG$5) | AH40: =COUNTIF($B40:$AF40,$AH$5) | AI40: =COUNTIF($B40:$AF40,$AI$5) | AJ40: =COUNTIF($B40:$AF40,$AJ$5) | AK40: =COUNTIF($B40:$AF40,$AK$5) | AL40: =COUNTIF($B40:$AF40,$AL$5) | AM40: =COUNTIF($B40:$AF40,$AM$5) | AN40: =COUNTIF($B40:$AF40,$AN$5)
AG41: =COUNTIF($B41:$AF41,$AG$5) | AH41: =COUNTIF($B41:$AF41,$AH$5) | AI41: =COUNTIF($B41:$AF41,$AI$5) | AJ41: =COUNTIF($B41:$AF41,$AJ$5) | AK41: =COUNTIF($B41:$AF41,$AK$5) | AL41: =COUNTIF($B41:$AF41,$AL$5) | AM41: =COUNTIF($B41:$AF41,$AM$5) | AN41: =COUNTIF($B41:$AF41,$AN$5)
A42: =Jan!A42 | AG42: =COUNTIF($B42:$AF42,$AG$5) | AH42: =COUNTIF($B42:$AF42,$AH$5) | AI42: =COUNTIF($B42:$AF42,$AI$5) | AJ42: =COUNTIF($B42:$AF42,$AJ$5) | AK42: =COUNTIF($B42:$AF42,$AK$5) | AL42: =COUNTIF($B42:$AF42,$AL$5) | AM42: =COUNTIF($B42:$AF42,$AM$5) | AN42: =COUNTIF($B42:$AF42,$AN$5)
AG43: =COUNTIF($B43:$AF43,$AG$5) | AH43: =COUNTIF($B43:$AF43,$AH$5) | AI43: =COUNTIF($B43:$AF43,$AI$5) | AJ43: =COUNTIF($B43:$AF43,$AJ$5) | AK43: =COUNTIF($B43:$AF43,$AK$5) | AL43: =COUNTIF($B43:$AF43,$AL$5) | AM43: =COUNTIF($B43:$AF43,$AM$5) | AN43: =COUNTIF($B43:$AF43,$AN$5)
A44: =Jan!A44 | AG44: =COUNTIF($B44:$AF44,$AG$5) | AH44: =COUNTIF($B44:$AF44,$AH$5) | AI44: =COUNTIF($B44:$AF44,$AI$5) | AJ44: =COUNTIF($B44:$AF44,$AJ$5) | AK44: =COUNTIF($B44:$AF44,$AK$5) | AL44: =COUNTIF($B44:$AF44,$AL$5) | AM44: =COUNTIF($B44:$AF44,$AM$5) | AN44: =COUNTIF($B44:$AF44,$AN$5)
AG45: =COUNTIF($B45:$AF45,$AG$5) | AH45: =COUNTIF($B45:$AF45,$AH$5) | AI45: =COUNTIF($B45:$AF45,$AI$5) | AJ45: =COUNTIF($B45:$AF45,$AJ$5) | AK45: =COUNTIF($B45:$AF45,$AK$5) | AL45: =COUNTIF($B45:$AF45,$AL$5) | AM45: =COUNTIF($B45:$AF45,$AM$5) | AN45: =COUNTIF($B45:$AF45,$AN$5)
A46: =Jan!A46 | AG46: =COUNTIF($B46:$AF46,$AG$5) | AH46: =COUNTIF($B46:$AF46,$AH$5) | AI46: =COUNTIF($B46:$AF46,$AI$5) | AJ46: =COUNTIF($B46:$AF46,$AJ$5) | AK46: =COUNTIF($B46:$AF46,$AK$5) | AL46: =COUNTIF($B46:$AF46,$AL$5) | AM46: =COUNTIF($B46:$AF46,$AM$5) | AN46: =COUNTIF($B46:$AF46,$AN$5)
AG47: =COUNTIF($B47:$AF47,$AG$5) | AH47: =COUNTIF($B47:$AF47,$AH$5) | AI47: =COUNTIF($B47:$AF47,$AI$5) | AJ47: =COUNTIF($B47:$AF47,$AJ$5) | AK47: =COUNTIF($B47:$AF47,$AK$5) | AL47: =COUNTIF($B47:$AF47,$AL$5) | AM47: =COUNTIF($B47:$AF47,$AM$5) | AN47: =COUNTIF($B47:$AF47,$AN$5)
A48: =Jan!A48 | AG48: =COUNTIF($B48:$AF48,$AG$5) | AH48: =COUNTIF($B48:$AF48,$AH$5) | AI48: =COUNTIF($B48:$AF48,$AI$5) | AJ48: =COUNTIF($B48:$AF48,$AJ$5) | AK48: =COUNTIF($B48:$AF48,$AK$5) | AL48: =COUNTIF($B48:$AF48,$AL$5) | AM48: =COUNTIF($B48:$AF48,$AM$5) | AN48: =COUNTIF($B48:$AF48,$AN$5)
AG49: =COUNTIF($B49:$AF49,$AG$5) | AH49: =COUNTIF($B49:$AF49,$AH$5) | AI49: =COUNTIF($B49:$AF49,$AI$5) | AJ49: =COUNTIF($B49:$AF49,$AJ$5) | AK49: =COUNTIF($B49:$AF49,$AK$5) | AL49: =COUNTIF($B49:$AF49,$AL$5) | AM49: =COUNTIF($B49:$AF49,$AM$5) | AN49: =COUNTIF($B49:$AF49,$AN$5)

Sheet Mar
A1: PREASONT REPORT IN THE MONTH OF MAR 2015
A3: A - ABSENT | B3: L - LEAVE | F3: WO - WEEKLY OFF | K3: PH - PUBLIC HOLIDAY | P3: CO - COMP. OFF | U3: ML - MEDICAL. LEAVE | AA3: ODK - WORK AT KARAI
B4: CALENDER DATES
A5: NAME | B5: 1 | C5: 2 | D5: 3 | E5: 4 | F5: 5 | G5: 6 | H5: 7 | I5: 8 | J5: 9 | K5: 10 | L5: 11 | M5: 12 | N5: 13 | O5: 14 | P5: 15 | Q5: 16 | R5: 17 | S5: 18 | T5: 19 | U5: 20 | V5: 21 | W5: 22 | X5: 23 | Y5: 24 | Z5: 25 | AA5: 26 | AB5: 27 | AC5: 28 | AD5: 29 | AE5: 30 | AF5: 31 | AG5: P | AH5: ODK | AI5: A | AJ5: L | AK5: WO | AL5: PH | AM5: CO | AN5: ML | AO5: REMARKS
A6: =Jan!A6 | AG6: =COUNTIF($B6:$AF6,$AG$5) | AH6: =COUNTIF($B6:$AF6,$AH$5) | AI6: =COUNTIF($B6:$AF6,$AI$5) | AJ6: =COUNTIF($B6:$AF6,$AJ$5) | AK6: =COUNTIF($B6:$AF6,$AK$5) | AL6: =COUNTIF($B6:$AF6,$AL$5) | AM6: =COUNTIF($B6:$AF6,$AM$5) | AN6: =COUNTIF($B6:$AF6,$AN$5) | AO6: 1 COM-OFF
AG7: =COUNTIF($B7:$AF7,$AG$5) | AH7: =COUNTIF($B7:$AF7,$AH$5) | AI7: =COUNTIF($B7:$AF7,$AI$5) | AJ7: =COUNTIF($B7:$AF7,$AJ$5) | AK7: =COUNTIF($B7:$AF7,$AK$5) | AL7: =COUNTIF($B7:$AF7,$AL$5) | AM7: =COUNTIF($B7:$AF7,$AM$5) | AN7: =COUNTIF($B7:$AF7,$AN$5)
A8: =Jan!A8 | AG8: =COUNTIF($B8:$AF8,$AG$5) | AH8: =COUNTIF($B8:$AF8,$AH$5) | AI8: =COUNTIF($B8:$AF8,$AI$5) | AJ8: =COUNTIF($B8:$AF8,$AJ$5) | AK8: =COUNTIF($B8:$AF8,$AK$5) | AL8: =COUNTIF($B8:$AF8,$AL$5) | AM8: =COUNTIF($B8:$AF8,$AM$5) | AN8: =COUNTIF($B8:$AF8,$AN$5)
AG9: =COUNTIF($B9:$AF9,$AG$5) | AH9: =COUNTIF($B9:$AF9,$AH$5) | AI9: =COUNTIF($B9:$AF9,$AI$5) | AJ9: =COUNTIF($B9:$AF9,$AJ$5) | AK9: =COUNTIF($B9:$AF9,$AK$5) | AL9: =COUNTIF($B9:$AF9,$AL$5) | AM9: =COUNTIF($B9:$AF9,$AM$5) | AN9: =COUNTIF($B9:$AF9,$AN$5)
A10: =Jan!A10 | AG10: =COUNTIF($B10:$AF10,$AG$5) | AH10: =COUNTIF($B10:$AF10,$AH$5) | AI10: =COUNTIF($B10:$AF10,$AI$5) | AJ10: =COUNTIF($B10:$AF10,$AJ$5) | AK10: =COUNTIF($B10:$AF10,$AK$5) | AL10: =COUNTIF($B10:$AF10,$AL$5) | AM10: =COUNTIF($B10:$AF10,$AM$5) | AN10: =COUNTIF($B10:$AF10,$AN$5)
AG11: =COUNTIF($B11:$AF11,$AG$5) | AH11: =COUNTIF($B11:$AF11,$AH$5) | AI11: =COUNTIF($B11:$AF11,$AI$5) | AJ11: =COUNTIF($B11:$AF11,$AJ$5) | AK11: =COUNTIF($B11:$AF11,$AK$5) | AL11: =COUNTIF($B11:$AF11,$AL$5) | AM11: =COUNTIF($B11:$AF11,$AM$5) | AN11: =COUNTIF($B11:$AF11,$AN$5)
A12: =Jan!A12 | AG12: =COUNTIF($B12:$AF12,$AG$5) | AH12: =COUNTIF($B12:$AF12,$AH$5) | AI12: =COUNTIF($B12:$AF12,$AI$5) | AJ12: =COUNTIF($B12:$AF12,$AJ$5) | AK12: =COUNTIF($B12:$AF12,$AK$5) | AL12: =COUNTIF($B12:$AF12,$AL$5) | AM12: =COUNTIF($B12:$AF12,$AM$5) | AN12: =COUNTIF($B12:$AF12,$AN$5)
AG13: =COUNTIF($B13:$AF13,$AG$5) | AH13: =COUNTIF($B13:$AF13,$AH$5) | AI13: =COUNTIF($B13:$AF13,$AI$5) | AJ13: =COUNTIF($B13:$AF13,$AJ$5) | AK13: =COUNTIF($B13:$AF13,$AK$5) | AL13: =COUNTIF($B13:$AF13,$AL$5) | AM13: =COUNTIF($B13:$AF13,$AM$5) | AN13: =COUNTIF($B13:$AF13,$AN$5)
A14: =Jan!A14 | AG14: =COUNTIF($B14:$AF14,$AG$5) | AH14: =COUNTIF($B14:$AF14,$AH$5) | AI14: =COUNTIF($B14:$AF14,$AI$5) | AJ14: =COUNTIF($B14:$AF14,$AJ$5) | AK14: =COUNTIF($B14:$AF14,$AK$5) | AL14: =COUNTIF($B14:$AF14,$AL$5) | AM14: =COUNTIF($B14:$AF14,$AM$5) | AN14: =COUNTIF($B14:$AF14,$AN$5)
AG15: =COUNTIF($B15:$AF15,$AG$5) | AH15: =COUNTIF($B15:$AF15,$AH$5) | AI15: =COUNTIF($B15:$AF15,$AI$5) | AJ15: =COUNTIF($B15:$AF15,$AJ$5) | AK15: =COUNTIF($B15:$AF15,$AK$5) | AL15: =COUNTIF($B15:$AF15,$AL$5) | AM15: =COUNTIF($B15:$AF15,$AM$5) | AN15: =COUNTIF($B15:$AF15,$AN$5)
A16: =Jan!A16 | AG16: =COUNTIF($B16:$AF16,$AG$5) | AH16: =COUNTIF($B16:$AF16,$AH$5) | AI16: =COUNTIF($B16:$AF16,$AI$5) | AJ16: =COUNTIF($B16:$AF16,$AJ$5) | AK16: =COUNTIF($B16:$AF16,$AK$5) | AL16: =COUNTIF($B16:$AF16,$AL$5) | AM16: =COUNTIF($B16:$AF16,$AM$5) | AN16: =COUNTIF($B16:$AF16,$AN$5)
AG17: =COUNTIF($B17:$AF17,$AG$5) | AH17: =COUNTIF($B17:$AF17,$AH$5) | AI17: =COUNTIF($B17:$AF17,$AI$5) | AJ17: =COUNTIF($B17:$AF17,$AJ$5) | AK17: =COUNTIF($B17:$AF17,$AK$5) | AL17: =COUNTIF($B17:$AF17,$AL$5) | AM17: =COUNTIF($B17:$AF17,$AM$5) | AN17: =COUNTIF($B17:$AF17,$AN$5)
A18: =Jan!A18 | AG18: =COUNTIF($B18:$AF18,$AG$5) | AH18: =COUNTIF($B18:$AF18,$AH$5) | AI18: =COUNTIF($B18:$AF18,$AI$5) | AJ18: =COUNTIF($B18:$AF18,$AJ$5) | AK18: =COUNTIF($B18:$AF18,$AK$5) | AL18: =COUNTIF($B18:$AF18,$AL$5) | AM18: =COUNTIF($B18:$AF18,$AM$5) | AN18: =COUNTIF($B18:$AF18,$AN$5)
AG19: =COUNTIF($B19:$AF19,$AG$5) | AH19: =COUNTIF($B19:$AF19,$AH$5) | AI19: =COUNTIF($B19:$AF19,$AI$5) | AJ19: =COUNTIF($B19:$AF19,$AJ$5) | AK19: =COUNTIF($B19:$AF19,$AK$5) | AL19: =COUNTIF($B19:$AF19,$AL$5) | AM19: =COUNTIF($B19:$AF19,$AM$5) | AN19: =COUNTIF($B19:$AF19,$AN$5)
A20: =Jan!A20 | AG20: =COUNTIF($B20:$AF20,$AG$5) | AH20: =COUNTIF($B20:$AF20,$AH$5) | AI20: =COUNTIF($B20:$AF20,$AI$5) | AJ20: =COUNTIF($B20:$AF20,$AJ$5) | AK20: =COUNTIF($B20:$AF20,$AK$5) | AL20: =COUNTIF($B20:$AF20,$AL$5) | AM20: =COUNTIF($B20:$AF20,$AM$5) | AN20: =COUNTIF($B20:$AF20,$AN$5)
AG21: =COUNTIF($B21:$AF21,$AG$5) | AH21: =COUNTIF($B21:$AF21,$AH$5) | AI21: =COUNTIF($B21:$AF21,$AI$5) | AJ21: =COUNTIF($B21:$AF21,$AJ$5) | AK21: =COUNTIF($B21:$AF21,$AK$5) | AL21: =COUNTIF($B21:$AF21,$AL$5) | AM21: =COUNTIF($B21:$AF21,$AM$5) | AN21: =COUNTIF($B21:$AF21,$AN$5)
A22: =Jan!A22 | AG22: =COUNTIF($B22:$AF22,$AG$5) | AH22: =COUNTIF($B22:$AF22,$AH$5) | AI22: =COUNTIF($B22:$AF22,$AI$5) | AJ22: =COUNTIF($B22:$AF22,$AJ$5) | AK22: =COUNTIF($B22:$AF22,$AK$5) | AL22: =COUNTIF($B22:$AF22,$AL$5) | AM22: =COUNTIF($B22:$AF22,$AM$5) | AN22: =COUNTIF($B22:$AF22,$AN$5)
AG23: =COUNTIF($B23:$AF23,$AG$5) | AH23: =COUNTIF($B23:$AF23,$AH$5) | AI23: =COUNTIF($B23:$AF23,$AI$5) | AJ23: =COUNTIF($B23:$AF23,$AJ$5) | AK23: =COUNTIF($B23:$AF23,$AK$5) | AL23: =COUNTIF($B23:$AF23,$AL$5) | AM23: =COUNTIF($B23:$AF23,$AM$5) | AN23: =COUNTIF($B23:$AF23,$AN$5)
A24: =Jan!A24 | AG24: =COUNTIF($B24:$AF24,$AG$5) | AH24: =COUNTIF($B24:$AF24,$AH$5) | AI24: =COUNTIF($B24:$AF24,$AI$5) | AJ24: =COUNTIF($B24:$AF24,$AJ$5) | AK24: =COUNTIF($B24:$AF24,$AK$5) | AL24: =COUNTIF($B24:$AF24,$AL$5) | AM24: =COUNTIF($B24:$AF24,$AM$5) | AN24: =COUNTIF($B24:$AF24,$AN$5)
AG25: =COUNTIF($B25:$AF25,$AG$5) | AH25: =COUNTIF($B25:$AF25,$AH$5) | AI25: =COUNTIF($B25:$AF25,$AI$5) | AJ25: =COUNTIF($B25:$AF25,$AJ$5) | AK25: =COUNTIF($B25:$AF25,$AK$5) | AL25: =COUNTIF($B25:$AF25,$AL$5) | AM25: =COUNTIF($B25:$AF25,$AM$5) | AN25: =COUNTIF($B25:$AF25,$AN$5)
A26: =Jan!A26 | AG26: =COUNTIF($B26:$AF26,$AG$5) | AH26: =COUNTIF($B26:$AF26,$AH$5) | AI26: =COUNTIF($B26:$AF26,$AI$5) | AJ26: =COUNTIF($B26:$AF26,$AJ$5) | AK26: =COUNTIF($B26:$AF26,$AK$5) | AL26: =COUNTIF($B26:$AF26,$AL$5) | AM26: =COUNTIF($B26:$AF26,$AM$5) | AN26: =COUNTIF($B26:$AF26,$AN$5)
AG27: =COUNTIF($B27:$AF27,$AG$5) | AH27: =COUNTIF($B27:$AF27,$AH$5) | AI27: =COUNTIF($B27:$AF27,$AI$5) | AJ27: =COUNTIF($B27:$AF27,$AJ$5) | AK27: =COUNTIF($B27:$AF27,$AK$5) | AL27: =COUNTIF($B27:$AF27,$AL$5) | AM27: =COUNTIF($B27:$AF27,$AM$5) | AN27: =COUNTIF($B27:$AF27,$AN$5)
A28: =Jan!A28 | AG28: =COUNTIF($B28:$AF28,$AG$5) | AH28: =COUNTIF($B28:$AF28,$AH$5) | AI28: =COUNTIF($B28:$AF28,$AI$5) | AJ28: =COUNTIF($B28:$AF28,$AJ$5) | AK28: =COUNTIF($B28:$AF28,$AK$5) | AL28: =COUNTIF($B28:$AF28,$AL$5) | AM28: =COUNTIF($B28:$AF28,$AM$5) | AN28: =COUNTIF($B28:$AF28,$AN$5)
AG29: =COUNTIF($B29:$AF29,$AG$5) | AH29: =COUNTIF($B29:$AF29,$AH$5) | AI29: =COUNTIF($B29:$AF29,$AI$5) | AJ29: =COUNTIF($B29:$AF29,$AJ$5) | AK29: =COUNTIF($B29:$AF29,$AK$5) | AL29: =COUNTIF($B29:$AF29,$AL$5) | AM29: =COUNTIF($B29:$AF29,$AM$5) | AN29: =COUNTIF($B29:$AF29,$AN$5)
A30: =Jan!A30 | AG30: =COUNTIF($B30:$AF30,$AG$5) | AH30: =COUNTIF($B30:$AF30,$AH$5) | AI30: =COUNTIF($B30:$AF30,$AI$5) | AJ30: =COUNTIF($B30:$AF30,$AJ$5) | AK30: =COUNTIF($B30:$AF30,$AK$5) | AL30: =COUNTIF($B30:$AF30,$AL$5) | AM30: =COUNTIF($B30:$AF30,$AM$5) | AN30: =COUNTIF($B30:$AF30,$AN$5)
AG31: =COUNTIF($B31:$AF31,$AG$5) | AH31: =COUNTIF($B31:$AF31,$AH$5) | AI31: =COUNTIF($B31:$AF31,$AI$5) | AJ31: =COUNTIF($B31:$AF31,$AJ$5) | AK31: =COUNTIF($B31:$AF31,$AK$5) | AL31: =COUNTIF($B31:$AF31,$AL$5) | AM31: =COUNTIF($B31:$AF31,$AM$5) | AN31: =COUNTIF($B31:$AF31,$AN$5)
A32: =Jan!A32 | AG32: =COUNTIF($B32:$AF32,$AG$5) | AH32: =COUNTIF($B32:$AF32,$AH$5) | AI32: =COUNTIF($B32:$AF32,$AI$5) | AJ32: =COUNTIF($B32:$AF32,$AJ$5) | AK32: =COUNTIF($B32:$AF32,$AK$5) | AL32: =COUNTIF($B32:$AF32,$AL$5) | AM32: =COUNTIF($B32:$AF32,$AM$5) | AN32: =COUNTIF($B32:$AF32,$AN$5)
AG33: =COUNTIF($B33:$AF33,$AG$5) | AH33: =COUNTIF($B33:$AF33,$AH$5) | AI33: =COUNTIF($B33:$AF33,$AI$5) | AJ33: =COUNTIF($B33:$AF33,$AJ$5) | AK33: =COUNTIF($B33:$AF33,$AK$5) | AL33: =COUNTIF($B33:$AF33,$AL$5) | AM33: =COUNTIF($B33:$AF33,$AM$5) | AN33: =COUNTIF($B33:$AF33,$AN$5)
A34: =Jan!A34 | AG34: =COUNTIF($B34:$AF34,$AG$5) | AH34: =COUNTIF($B34:$AF34,$AH$5) | AI34: =COUNTIF($B34:$AF34,$AI$5) | AJ34: =COUNTIF($B34:$AF34,$AJ$5) | AK34: =COUNTIF($B34:$AF34,$AK$5) | AL34: =COUNTIF($B34:$AF34,$AL$5) | AM34: =COUNTIF($B34:$AF34,$AM$5) | AN34: =COUNTIF($B34:$AF34,$AN$5)
AG35: =COUNTIF($B35:$AF35,$AG$5) | AH35: =COUNTIF($B35:$AF35,$AH$5) | AI35: =COUNTIF($B35:$AF35,$AI$5) | AJ35: =COUNTIF($B35:$AF35,$AJ$5) | AK35: =COUNTIF($B35:$AF35,$AK$5) | AL35: =COUNTIF($B35:$AF35,$AL$5) | AM35: =COUNTIF($B35:$AF35,$AM$5) | AN35: =COUNTIF($B35:$AF35,$AN$5)
A36: =Jan!A36 | AG36: =COUNTIF($B36:$AF36,$AG$5) | AH36: =COUNTIF($B36:$AF36,$AH$5) | AI36: =COUNTIF($B36:$AF36,$AI$5) | AJ36: =COUNTIF($B36:$AF36,$AJ$5) | AK36: =COUNTIF($B36:$AF36,$AK$5) | AL36: =COUNTIF($B36:$AF36,$AL$5) | AM36: =COUNTIF($B36:$AF36,$AM$5) | AN36: =COUNTIF($B36:$AF36,$AN$5)
AG37: =COUNTIF($B37:$AF37,$AG$5) | AH37: =COUNTIF($B37:$AF37,$AH$5) | AI37: =COUNTIF($B37:$AF37,$AI$5) | AJ37: =COUNTIF($B37:$AF37,$AJ$5) | AK37: =COUNTIF($B37:$AF37,$AK$5) | AL37: =COUNTIF($B37:$AF37,$AL$5) | AM37: =COUNTIF($B37:$AF37,$AM$5) | AN37: =COUNTIF($B37:$AF37,$AN$5)
A38: =Jan!A38 | AG38: =COUNTIF($B38:$AF38,$AG$5) | AH38: =COUNTIF($B38:$AF38,$AH$5) | AI38: =COUNTIF($B38:$AF38,$AI$5) | AJ38: =COUNTIF($B38:$AF38,$AJ$5) | AK38: =COUNTIF($B38:$AF38,$AK$5) | AL38: =COUNTIF($B38:$AF38,$AL$5) | AM38: =COUNTIF($B38:$AF38,$AM$5) | AN38: =COUNTIF($B38:$AF38,$AN$5)
AG39: =COUNTIF($B39:$AF39,$AG$5) | AH39: =COUNTIF($B39:$AF39,$AH$5) | AI39: =COUNTIF($B39:$AF39,$AI$5) | AJ39: =COUNTIF($B39:$AF39,$AJ$5) | AK39: =COUNTIF($B39:$AF39,$AK$5) | AL39: =COUNTIF($B39:$AF39,$AL$5) | AM39: =COUNTIF($B39:$AF39,$AM$5) | AN39: =COUNTIF($B39:$AF39,$AN$5)
A40: =Jan!A40 | AG40: =COUNTIF($B40:$AF40,$AG$5) | AH40: =COUNTIF($B40:$AF40,$AH$5) | AI40: =COUNTIF($B40:$AF40,$AI$5) | AJ40: =COUNTIF($B40:$AF40,$AJ$5) | AK40: =COUNTIF($B40:$AF40,$AK$5) | AL40: =COUNTIF($B40:$AF40,$AL$5) | AM40: =COUNTIF($B40:$AF40,$AM$5) | AN40: =COUNTIF($B40:$AF40,$AN$5)
AG41: =COUNTIF($B41:$AF41,$AG$5) | AH41: =COUNTIF($B41:$AF41,$AH$5) | AI41: =COUNTIF($B41:$AF41,$AI$5) | AJ41: =COUNTIF($B41:$AF41,$AJ$5) | AK41: =COUNTIF($B41:$AF41,$AK$5) | AL41: =COUNTIF($B41:$AF41,$AL$5) | AM41: =COUNTIF($B41:$AF41,$AM$5) | AN41: =COUNTIF($B41:$AF41,$AN$5)
A42: =Jan!A42 | AG42: =COUNTIF($B42:$AF42,$AG$5) | AH42: =COUNTIF($B42:$AF42,$AH$5) | AI42: =COUNTIF($B42:$AF42,$AI$5) | AJ42: =COUNTIF($B42:$AF42,$AJ$5) | AK42: =COUNTIF($B42:$AF42,$AK$5) | AL42: =COUNTIF($B42:$AF42,$AL$5) | AM42: =COUNTIF($B42:$AF42,$AM$5) | AN42: =COUNTIF($B42:$AF42,$AN$5)
AG43: =COUNTIF($B43:$AF43,$AG$5) | AH43: =COUNTIF($B43:$AF43,$AH$5) | AI43: =COUNTIF($B43:$AF43,$AI$5) | AJ43: =COUNTIF($B43:$AF43,$AJ$5) | AK43: =COUNTIF($B43:$AF43,$AK$5) | AL43: =COUNTIF($B43:$AF43,$AL$5) | AM43: =COUNTIF($B43:$AF43,$AM$5) | AN43: =COUNTIF($B43:$AF43,$AN$5)
A44: =Jan!A44 | AG44: =COUNTIF($B44:$AF44,$AG$5) | AH44: =COUNTIF($B44:$AF44,$AH$5) | AI44: =COUNTIF($B44:$AF44,$AI$5) | AJ44: =COUNTIF($B44:$AF44,$AJ$5) | AK44: =COUNTIF($B44:$AF44,$AK$5) | AL44: =COUNTIF($B44:$AF44,$AL$5) | AM44: =COUNTIF($B44:$AF44,$AM$5) | AN44: =COUNTIF($B44:$AF44,$AN$5)
AG45: =COUNTIF($B45:$AF45,$AG$5) | AH45: =COUNTIF($B45:$AF45,$AH$5) | AI45: =COUNTIF($B45:$AF45,$AI$5) | AJ45: =COUNTIF($B45:$AF45,$AJ$5) | AK45: =COUNTIF($B45:$AF45,$AK$5) | AL45: =COUNTIF($B45:$AF45,$AL$5) | AM45: =COUNTIF($B45:$AF45,$AM$5) | AN45: =COUNTIF($B45:$AF45,$AN$5)
A46: =Jan!A46 | AG46: =COUNTIF($B46:$AF46,$AG$5) | AH46: =COUNTIF($B46:$AF46,$AH$5) | AI46: =COUNTIF($B46:$AF46,$AI$5) | AJ46: =COUNTIF($B46:$AF46,$AJ$5) | AK46: =COUNTIF($B46:$AF46,$AK$5) | AL46: =COUNTIF($B46:$AF46,$AL$5) | AM46: =COUNTIF($B46:$AF46,$AM$5) | AN46: =COUNTIF($B46:$AF46,$AN$5)
AG47: =COUNTIF($B47:$AF47,$AG$5) | AH47: =COUNTIF($B47:$AF47,$AH$5) | AI47: =COUNTIF($B47:$AF47,$AI$5) | AJ47: =COUNTIF($B47:$AF47,$AJ$5) | AK47: =COUNTIF($B47:$AF47,$AK$5) | AL47: =COUNTIF($B47:$AF47,$AL$5) | AM47: =COUNTIF($B47:$AF47,$AM$5) | AN47: =COUNTIF($B47:$AF47,$AN$5)
A48: =Jan!A48 | AG48: =COUNTIF($B48:$AF48,$AG$5) | AH48: =COUNTIF($B48:$AF48,$AH$5) | AI48: =COUNTIF($B48:$AF48,$AI$5) | AJ48: =COUNTIF($B48:$AF48,$AJ$5) | AK48: =COUNTIF($B48:$AF48,$AK$5) | AL48: =COUNTIF($B48:$AF48,$AL$5) | AM48: =COUNTIF($B48:$AF48,$AM$5) | AN48: =COUNTIF($B48:$AF48,$AN$5)
AG49: =COUNTIF($B49:$AF49,$AG$5) | AH49: =COUNTIF($B49:$AF49,$AH$5) | AI49: =COUNTIF($B49:$AF49,$AI$5) | AJ49: =COUNTIF($B49:$AF49,$AJ$5) | AK49: =COUNTIF($B49:$AF49,$AK$5) | AL49: =COUNTIF($B49:$AF49,$AL$5) | AM49: =COUNTIF($B49:$AF49,$AM$5) | AN49: =COUNTIF($B49:$AF49,$AN$5)

Sheet Apr
A1: PREASONT REPORT IN THE MONTH OF APR 2015
A3: A - ABSENT | B3: L - LEAVE | F3: WO - WEEKLY OFF | K3: PH - PUBLIC HOLIDAY | P3: CO - COMP. OFF | U3: ML - MEDICAL. LEAVE | AA3: ODK - WORK AT KARAI
B4: CALENDER DATES
A5: NAME | B5: 1 | C5: 2 | D5: 3 | E5: 4 | F5: 5 | G5: 6 | H5: 7 | I5: 8 | J5: 9 | K5: 10 | L5: 11 | M5: 12 | N5: 13 | O5: 14 | P5: 15 | Q5: 16 | R5: 17 | S5: 18 | T5: 19 | U5: 20 | V5: 21 | W5: 22 | X5: 23 | Y5: 24 | Z5: 25 | AA5: 26 | AB5: 27 | AC5: 28 | AD5: 29 | AE5: 30 | AF5: 31 | AG5: P | AH5: ODK | AI5: A | AJ5: L | AK5: WO | AL5: PH | AM5: CO | AN5: ML | AO5: REMARKS
A6: =Jan!A6 | AG6: =COUNTIF($B6:$AF6,$AG$5) | AH6: =COUNTIF($B6:$AF6,$AH$5) | AI6: =COUNTIF($B6:$AF6,$AI$5) | AJ6: =COUNTIF($B6:$AF6,$AJ$5) | AK6: =COUNTIF($B6:$AF6,$AK$5) | AL6: =COUNTIF($B6:$AF6,$AL$5) | AM6: =COUNTIF($B6:$AF6,$AM$5) | AN6: =COUNTIF($B6:$AF6,$AN$5) | AO6: 1 COM-OFF
AG7: =COUNTIF($B7:$AF7,$AG$5) | AH7: =COUNTIF($B7:$AF7,$AH$5) | AI7: =COUNTIF($B7:$AF7,$AI$5) | AJ7: =COUNTIF($B7:$AF7,$AJ$5) | AK7: =COUNTIF($B7:$AF7,$AK$5) | AL7: =COUNTIF($B7:$AF7,$AL$5) | AM7: =COUNTIF($B7:$AF7,$AM$5) | AN7: =COUNTIF($B7:$AF7,$AN$5)
A8: =Jan!A8 | AG8: =COUNTIF($B8:$AF8,$AG$5) | AH8: =COUNTIF($B8:$AF8,$AH$5) | AI8: =COUNTIF($B8:$AF8,$AI$5) | AJ8: =COUNTIF($B8:$AF8,$AJ$5) | AK8: =COUNTIF($B8:$AF8,$AK$5) | AL8: =COUNTIF($B8:$AF8,$AL$5) | AM8: =COUNTIF($B8:$AF8,$AM$5) | AN8: =COUNTIF($B8:$AF8,$AN$5)
AG9: =COUNTIF($B9:$AF9,$AG$5) | AH9: =COUNTIF($B9:$AF9,$AH$5) | AI9: =COUNTIF($B9:$AF9,$AI$5) | AJ9: =COUNTIF($B9:$AF9,$AJ$5) | AK9: =COUNTIF($B9:$AF9,$AK$5) | AL9: =COUNTIF($B9:$AF9,$AL$5) | AM9: =COUNTIF($B9:$AF9,$AM$5) | AN9: =COUNTIF($B9:$AF9,$AN$5)
A10: =Jan!A10 | AG10: =COUNTIF($B10:$AF10,$AG$5) | AH10: =COUNTIF($B10:$AF10,$AH$5) | AI10: =COUNTIF($B10:$AF10,$AI$5) | AJ10: =COUNTIF($B10:$AF10,$AJ$5) | AK10: =COUNTIF($B10:$AF10,$AK$5) | AL10: =COUNTIF($B10:$AF10,$AL$5) | AM10: =COUNTIF($B10:$AF10,$AM$5) | AN10: =COUNTIF($B10:$AF10,$AN$5)
AG11: =COUNTIF($B11:$AF11,$AG$5) | AH11: =COUNTIF($B11:$AF11,$AH$5) | AI11: =COUNTIF($B11:$AF11,$AI$5) | AJ11: =COUNTIF($B11:$AF11,$AJ$5) | AK11: =COUNTIF($B11:$AF11,$AK$5) | AL11: =COUNTIF($B11:$AF11,$AL$5) | AM11: =COUNTIF($B11:$AF11,$AM$5) | AN11: =COUNTIF($B11:$AF11,$AN$5)
A12: =Jan!A12 | AG12: =COUNTIF($B12:$AF12,$AG$5) | AH12: =COUNTIF($B12:$AF12,$AH$5) | AI12: =COUNTIF($B12:$AF12,$AI$5) | AJ12: =COUNTIF($B12:$AF12,$AJ$5) | AK12: =COUNTIF($B12:$AF12,$AK$5) | AL12: =COUNTIF($B12:$AF12,$AL$5) | AM12: =COUNTIF($B12:$AF12,$AM$5) | AN12: =COUNTIF($B12:$AF12,$AN$5)
AG13: =COUNTIF($B13:$AF13,$AG$5) | AH13: =COUNTIF($B13:$AF13,$AH$5) | AI13: =COUNTIF($B13:$AF13,$AI$5) | AJ13: =COUNTIF($B13:$AF13,$AJ$5) | AK13: =COUNTIF($B13:$AF13,$AK$5) | AL13: =COUNTIF($B13:$AF13,$AL$5) | AM13: =COUNTIF($B13:$AF13,$AM$5) | AN13: =COUNTIF($B13:$AF13,$AN$5)
A14: =Jan!A14 | AG14: =COUNTIF($B14:$AF14,$AG$5) | AH14: =COUNTIF($B14:$AF14,$AH$5) | AI14: =COUNTIF($B14:$AF14,$AI$5) | AJ14: =COUNTIF($B14:$AF14,$AJ$5) | AK14: =COUNTIF($B14:$AF14,$AK$5) | AL14: =COUNTIF($B14:$AF14,$AL$5) | AM14: =COUNTIF($B14:$AF14,$AM$5) | AN14: =COUNTIF($B14:$AF14,$AN$5)
AG15: =COUNTIF($B15:$AF15,$AG$5) | AH15: =COUNTIF($B15:$AF15,$AH$5) | AI15: =COUNTIF($B15:$AF15,$AI$5) | AJ15: =COUNTIF($B15:$AF15,$AJ$5) | AK15: =COUNTIF($B15:$AF15,$AK$5) | AL15: =COUNTIF($B15:$AF15,$AL$5) | AM15: =COUNTIF($B15:$AF15,$AM$5) | AN15: =COUNTIF($B15:$AF15,$AN$5)
A16: =Jan!A16 | AG16: =COUNTIF($B16:$AF16,$AG$5) | AH16: =COUNTIF($B16:$AF16,$AH$5) | AI16: =COUNTIF($B16:$AF16,$AI$5) | AJ16: =COUNTIF($B16:$AF16,$AJ$5) | AK16: =COUNTIF($B16:$AF16,$AK$5) | AL16: =COUNTIF($B16:$AF16,$AL$5) | AM16: =COUNTIF($B16:$AF16,$AM$5) | AN16: =COUNTIF($B16:$AF16,$AN$5)
AG17: =COUNTIF($B17:$AF17,$AG$5) | AH17: =COUNTIF($B17:$AF17,$AH$5) | AI17: =COUNTIF($B17:$AF17,$AI$5) | AJ17: =COUNTIF($B17:$AF17,$AJ$5) | AK17: =COUNTIF($B17:$AF17,$AK$5) | AL17: =COUNTIF($B17:$AF17,$AL$5) | AM17: =COUNTIF($B17:$AF17,$AM$5) | AN17: =COUNTIF($B17:$AF17,$AN$5)
A18: =Jan!A18 | AG18: =COUNTIF($B18:$AF18,$AG$5) | AH18: =COUNTIF($B18:$AF18,$AH$5) | AI18: =COUNTIF($B18:$AF18,$AI$5) | AJ18: =COUNTIF($B18:$AF18,$AJ$5) | AK18: =COUNTIF($B18:$AF18,$AK$5) | AL18: =COUNTIF($B18:$AF18,$AL$5) | AM18: =COUNTIF($B18:$AF18,$AM$5) | AN18: =COUNTIF($B18:$AF18,$AN$5)
AG19: =COUNTIF($B19:$AF19,$AG$5) | AH19: =COUNTIF($B19:$AF19,$AH$5) | AI19: =COUNTIF($B19:$AF19,$AI$5) | AJ19: =COUNTIF($B19:$AF19,$AJ$5) | AK19: =COUNTIF($B19:$AF19,$AK$5) | AL19: =COUNTIF($B19:$AF19,$AL$5) | AM19: =COUNTIF($B19:$AF19,$AM$5) | AN19: =COUNTIF($B19:$AF19,$AN$5)
A20: =Jan!A20 | AG20: =COUNTIF($B20:$AF20,$AG$5) | AH20: =COUNTIF($B20:$AF20,$AH$5) | AI20: =COUNTIF($B20:$AF20,$AI$5) | AJ20: =COUNTIF($B20:$AF20,$AJ$5) | AK20: =COUNTIF($B20:$AF20,$AK$5) | AL20: =COUNTIF($B20:$AF20,$AL$5) | AM20: =COUNTIF($B20:$AF20,$AM$5) | AN20: =COUNTIF($B20:$AF20,$AN$5)
AG21: =COUNTIF($B21:$AF21,$AG$5) | AH21: =COUNTIF($B21:$AF21,$AH$5) | AI21: =COUNTIF($B21:$AF21,$AI$5) | AJ21: =COUNTIF($B21:$AF21,$AJ$5) | AK21: =COUNTIF($B21:$AF21,$AK$5) | AL21: =COUNTIF($B21:$AF21,$AL$5) | AM21: =COUNTIF($B21:$AF21,$AM$5) | AN21: =COUNTIF($B21:$AF21,$AN$5)
A22: =Jan!A22 | AG22: =COUNTIF($B22:$AF22,$AG$5) | AH22: =COUNTIF($B22:$AF22,$AH$5) | AI22: =COUNTIF($B22:$AF22,$AI$5) | AJ22: =COUNTIF($B22:$AF22,$AJ$5) | AK22: =COUNTIF($B22:$AF22,$AK$5) | AL22: =COUNTIF($B22:$AF22,$AL$5) | AM22: =COUNTIF($B22:$AF22,$AM$5) | AN22: =COUNTIF($B22:$AF22,$AN$5)
AG23: =COUNTIF($B23:$AF23,$AG$5) | AH23: =COUNTIF($B23:$AF23,$AH$5) | AI23: =COUNTIF($B23:$AF23,$AI$5) | AJ23: =COUNTIF($B23:$AF23,$AJ$5) | AK23: =COUNTIF($B23:$AF23,$AK$5) | AL23: =COUNTIF($B23:$AF23,$AL$5) | AM23: =COUNTIF($B23:$AF23,$AM$5) | AN23: =COUNTIF($B23:$AF23,$AN$5)
A24: =Jan!A24 | AG24: =COUNTIF($B24:$AF24,$AG$5) | AH24: =COUNTIF($B24:$AF24,$AH$5) | AI24: =COUNTIF($B24:$AF24,$AI$5) | AJ24: =COUNTIF($B24:$AF24,$AJ$5) | AK24: =COUNTIF($B24:$AF24,$AK$5) | AL24: =COUNTIF($B24:$AF24,$AL$5) | AM24: =COUNTIF($B24:$AF24,$AM$5) | AN24: =COUNTIF($B24:$AF24,$AN$5)
AG25: =COUNTIF($B25:$AF25,$AG$5) | AH25: =COUNTIF($B25:$AF25,$AH$5) | AI25: =COUNTIF($B25:$AF25,$AI$5) | AJ25: =COUNTIF($B25:$AF25,$AJ$5) | AK25: =COUNTIF($B25:$AF25,$AK$5) | AL25: =COUNTIF($B25:$AF25,$AL$5) | AM25: =COUNTIF($B25:$AF25,$AM$5) | AN25: =COUNTIF($B25:$AF25,$AN$5)
A26: =Jan!A26 | AG26: =COUNTIF($B26:$AF26,$AG$5) | AH26: =COUNTIF($B26:$AF26,$AH$5) | AI26: =COUNTIF($B26:$AF26,$AI$5) | AJ26: =COUNTIF($B26:$AF26,$AJ$5) | AK26: =COUNTIF($B26:$AF26,$AK$5) | AL26: =COUNTIF($B26:$AF26,$AL$5) | AM26: =COUNTIF($B26:$AF26,$AM$5) | AN26: =COUNTIF($B26:$AF26,$AN$5)
AG27: =COUNTIF($B27:$AF27,$AG$5) | AH27: =COUNTIF($B27:$AF27,$AH$5) | AI27: =COUNTIF($B27:$AF27,$AI$5) | AJ27: =COUNTIF($B27:$AF27,$AJ$5) | AK27: =COUNTIF($B27:$AF27,$AK$5) | AL27: =COUNTIF($B27:$AF27,$AL$5) | AM27: =COUNTIF($B27:$AF27,$AM$5) | AN27: =COUNTIF($B27:$AF27,$AN$5)
A28: =Jan!A28 | AG28: =COUNTIF($B28:$AF28,$AG$5) | AH28: =COUNTIF($B28:$AF28,$AH$5) | AI28: =COUNTIF($B28:$AF28,$AI$5) | AJ28: =COUNTIF($B28:$AF28,$AJ$5) | AK28: =COUNTIF($B28:$AF28,$AK$5) | AL28: =COUNTIF($B28:$AF28,$AL$5) | AM28: =COUNTIF($B28:$AF28,$AM$5) | AN28: =COUNTIF($B28:$AF28,$AN$5)
AG29: =COUNTIF($B29:$AF29,$AG$5) | AH29: =COUNTIF($B29:$AF29,$AH$5) | AI29: =COUNTIF($B29:$AF29,$AI$5) | AJ29: =COUNTIF($B29:$AF29,$AJ$5) | AK29: =COUNTIF($B29:$AF29,$AK$5) | AL29: =COUNTIF($B29:$AF29,$AL$5) | AM29: =COUNTIF($B29:$AF29,$AM$5) | AN29: =COUNTIF($B29:$AF29,$AN$5)
A30: =Jan!A30 | AG30: =COUNTIF($B30:$AF30,$AG$5) | AH30: =COUNTIF($B30:$AF30,$AH$5) | AI30: =COUNTIF($B30:$AF30,$AI$5) | AJ30: =COUNTIF($B30:$AF30,$AJ$5) | AK30: =COUNTIF($B30:$AF30,$AK$5) | AL30: =COUNTIF($B30:$AF30,$AL$5) | AM30: =COUNTIF($B30:$AF30,$AM$5) | AN30: =COUNTIF($B30:$AF30,$AN$5)
AG31: =COUNTIF($B31:$AF31,$AG$5) | AH31: =COUNTIF($B31:$AF31,$AH$5) | AI31: =COUNTIF($B31:$AF31,$AI$5) | AJ31: =COUNTIF($B31:$AF31,$AJ$5) | AK31: =COUNTIF($B31:$AF31,$AK$5) | AL31: =COUNTIF($B31:$AF31,$AL$5) | AM31: =COUNTIF($B31:$AF31,$AM$5) | AN31: =COUNTIF($B31:$AF31,$AN$5)
A32: =Jan!A32 | AG32: =COUNTIF($B32:$AF32,$AG$5) | AH32: =COUNTIF($B32:$AF32,$AH$5) | AI32: =COUNTIF($B32:$AF32,$AI$5) | AJ32: =COUNTIF($B32:$AF32,$AJ$5) | AK32: =COUNTIF($B32:$AF32,$AK$5) | AL32: =COUNTIF($B32:$AF32,$AL$5) | AM32: =COUNTIF($B32:$AF32,$AM$5) | AN32: =COUNTIF($B32:$AF32,$AN$5)
AG33: =COUNTIF($B33:$AF33,$AG$5) | AH33: =COUNTIF($B33:$AF33,$AH$5) | AI33: =COUNTIF($B33:$AF33,$AI$5) | AJ33: =COUNTIF($B33:$AF33,$AJ$5) | AK33: =COUNTIF($B33:$AF33,$AK$5) | AL33: =COUNTIF($B33:$AF33,$AL$5) | AM33: =COUNTIF($B33:$AF33,$AM$5) | AN33: =COUNTIF($B33:$AF33,$AN$5)
A34: =Jan!A34 | AG34: =COUNTIF($B34:$AF34,$AG$5) | AH34: =COUNTIF($B34:$AF34,$AH$5) | AI34: =COUNTIF($B34:$AF34,$AI$5) | AJ34: =COUNTIF($B34:$AF34,$AJ$5) | AK34: =COUNTIF($B34:$AF34,$AK$5) | AL34: =COUNTIF($B34:$AF34,$AL$5) | AM34: =COUNTIF($B34:$AF34,$AM$5) | AN34: =COUNTIF($B34:$AF34,$AN$5)
AG35: =COUNTIF($B35:$AF35,$AG$5) | AH35: =COUNTIF($B35:$AF35,$AH$5) | AI35: =COUNTIF($B35:$AF35,$AI$5) | AJ35: =COUNTIF($B35:$AF35,$AJ$5) | AK35: =COUNTIF($B35:$AF35,$AK$5) | AL35: =COUNTIF($B35:$AF35,$AL$5) | AM35: =COUNTIF($B35:$AF35,$AM$5) | AN35: =COUNTIF($B35:$AF35,$AN$5)
A36: =Jan!A36 | AG36: =COUNTIF($B36:$AF36,$AG$5) | AH36: =COUNTIF($B36:$AF36,$AH$5) | AI36: =COUNTIF($B36:$AF36,$AI$5) | AJ36: =COUNTIF($B36:$AF36,$AJ$5) | AK36: =COUNTIF($B36:$AF36,$AK$5) | AL36: =COUNTIF($B36:$AF36,$AL$5) | AM36: =COUNTIF($B36:$AF36,$AM$5) | AN36: =COUNTIF($B36:$AF36,$AN$5)
AG37: =COUNTIF($B37:$AF37,$AG$5) | AH37: =COUNTIF($B37:$AF37,$AH$5) | AI37: =COUNTIF($B37:$AF37,$AI$5) | AJ37: =COUNTIF($B37:$AF37,$AJ$5) | AK37: =COUNTIF($B37:$AF37,$AK$5) | AL37: =COUNTIF($B37:$AF37,$AL$5) | AM37: =COUNTIF($B37:$AF37,$AM$5) | AN37: =COUNTIF($B37:$AF37,$AN$5)
A38: =Jan!A38 | AG38: =COUNTIF($B38:$AF38,$AG$5) | AH38: =COUNTIF($B38:$AF38,$AH$5) | AI38: =COUNTIF($B38:$AF38,$AI$5) | AJ38: =COUNTIF($B38:$AF38,$AJ$5) | AK38: =COUNTIF($B38:$AF38,$AK$5) | AL38: =COUNTIF($B38:$AF38,$AL$5) | AM38: =COUNTIF($B38:$AF38,$AM$5) | AN38: =COUNTIF($B38:$AF38,$AN$5)
AG39: =COUNTIF($B39:$AF39,$AG$5) | AH39: =COUNTIF($B39:$AF39,$AH$5) | AI39: =COUNTIF($B39:$AF39,$AI$5) | AJ39: =COUNTIF($B39:$AF39,$AJ$5) | AK39: =COUNTIF($B39:$AF39,$AK$5) | AL39: =COUNTIF($B39:$AF39,$AL$5) | AM39: =COUNTIF($B39:$AF39,$AM$5) | AN39: =COUNTIF($B39:$AF39,$AN$5)
A40: =Jan!A40 | AG40: =COUNTIF($B40:$AF40,$AG$5) | AH40: =COUNTIF($B40:$AF40,$AH$5) | AI40: =COUNTIF($B40:$AF40,$AI$5) | AJ40: =COUNTIF($B40:$AF40,$AJ$5) | AK40: =COUNTIF($B40:$AF40,$AK$5) | AL40: =COUNTIF($B40:$AF40,$AL$5) | AM40: =COUNTIF($B40:$AF40,$AM$5) | AN40: =COUNTIF($B40:$AF40,$AN$5)
AG41: =COUNTIF($B41:$AF41,$AG$5) | AH41: =COUNTIF($B41:$AF41,$AH$5) | AI41: =COUNTIF($B41:$AF41,$AI$5) | AJ41: =COUNTIF($B41:$AF41,$AJ$5) | AK41: =COUNTIF($B41:$AF41,$AK$5) | AL41: =COUNTIF($B41:$AF41,$AL$5) | AM41: =COUNTIF($B41:$AF41,$AM$5) | AN41: =COUNTIF($B41:$AF41,$AN$5)
A42: =Jan!A42 | AG42: =COUNTIF($B42:$AF42,$AG$5) | AH42: =COUNTIF($B42:$AF42,$AH$5) | AI42: =COUNTIF($B42:$AF42,$AI$5) | AJ42: =COUNTIF($B42:$AF42,$AJ$5) | AK42: =COUNTIF($B42:$AF42,$AK$5) | AL42: =COUNTIF($B42:$AF42,$AL$5) | AM42: =COUNTIF($B42:$AF42,$AM$5) | AN42: =COUNTIF($B42:$AF42,$AN$5)
AG43: =COUNTIF($B43:$AF43,$AG$5) | AH43: =COUNTIF($B43:$AF43,$AH$5) | AI43: =COUNTIF($B43:$AF43,$AI$5) | AJ43: =COUNTIF($B43:$AF43,$AJ$5) | AK43: =COUNTIF($B43:$AF43,$AK$5) | AL43: =COUNTIF($B43:$AF43,$AL$5) | AM43: =COUNTIF($B43:$AF43,$AM$5) | AN43: =COUNTIF($B43:$AF43,$AN$5)
A44: =Jan!A44 | AG44: =COUNTIF($B44:$AF44,$AG$5) | AH44: =COUNTIF($B44:$AF44,$AH$5) | AI44: =COUNTIF($B44:$AF44,$AI$5) | AJ44: =COUNTIF($B44:$AF44,$AJ$5) | AK44: =COUNTIF($B44:$AF44,$AK$5) | AL44: =COUNTIF($B44:$AF44,$AL$5) | AM44: =COUNTIF($B44:$AF44,$AM$5) | AN44: =COUNTIF($B44:$AF44,$AN$5)
AG45: =COUNTIF($B45:$AF45,$AG$5) | AH45: =COUNTIF($B45:$AF45,$AH$5) | AI45: =COUNTIF($B45:$AF45,$AI$5) | AJ45: =COUNTIF($B45:$AF45,$AJ$5) | AK45: =COUNTIF($B45:$AF45,$AK$5) | AL45: =COUNTIF($B45:$AF45,$AL$5) | AM45: =COUNTIF($B45:$AF45,$AM$5) | AN45: =COUNTIF($B45:$AF45,$AN$5)
A46: =Jan!A46 | AG46: =COUNTIF($B46:$AF46,$AG$5) | AH46: =COUNTIF($B46:$AF46,$AH$5) | AI46: =COUNTIF($B46:$AF46,$AI$5) | AJ46: =COUNTIF($B46:$AF46,$AJ$5) | AK46: =COUNTIF($B46:$AF46,$AK$5) | AL46: =COUNTIF($B46:$AF46,$AL$5) | AM46: =COUNTIF($B46:$AF46,$AM$5) | AN46: =COUNTIF($B46:$AF46,$AN$5)
AG47: =COUNTIF($B47:$AF47,$AG$5) | AH47: =COUNTIF($B47:$AF47,$AH$5) | AI47: =COUNTIF($B47:$AF47,$AI$5) | AJ47: =COUNTIF($B47:$AF47,$AJ$5) | AK47: =COUNTIF($B47:$AF47,$AK$5) | AL47: =COUNTIF($B47:$AF47,$AL$5) | AM47: =COUNTIF($B47:$AF47,$AM$5) | AN47: =COUNTIF($B47:$AF47,$AN$5)
A48: =Jan!A48 | AG48: =COUNTIF($B48:$AF48,$AG$5) | AH48: =COUNTIF($B48:$AF48,$AH$5) | AI48: =COUNTIF($B48:$AF48,$AI$5) | AJ48: =COUNTIF($B48:$AF48,$AJ$5) | AK48: =COUNTIF($B48:$AF48,$AK$5) | AL48: =COUNTIF($B48:$AF48,$AL$5) | AM48: =COUNTIF($B48:$AF48,$AM$5) | AN48: =COUNTIF($B48:$AF48,$AN$5)
AG49: =COUNTIF($B49:$AF49,$AG$5) | AH49: =COUNTIF($B49:$AF49,$AH$5) | AI49: =COUNTIF($B49:$AF49,$AI$5) | AJ49: =COUNTIF($B49:$AF49,$AJ$5) | AK49: =COUNTIF($B49:$AF49,$AK$5) | AL49: =COUNTIF($B49:$AF49,$AL$5) | AM49: =COUNTIF($B49:$AF49,$AM$5) | AN49: =COUNTIF($B49:$AF49,$AN$5)

Sheet May
A1: PREASONT REPORT IN THE MONTH OF MAY 2015
A3: A - ABSENT | B3: L - LEAVE | F3: WO - WEEKLY OFF | K3: PH - PUBLIC HOLIDAY | P3: CO - COMP. OFF | U3: ML - MEDICAL. LEAVE | AA3: ODK - WORK AT KARAI
B4: CALENDER DATES
A5: NAME | B5: 1 | C5: 2 | D5: 3 | E5: 4 | F5: 5 | G5: 6 | H5: 7 | I5: 8 | J5: 9 | K5: 10 | L5: 11 | M5: 12 | N5: 13 | O5: 14 | P5: 15 | Q5: 16 | R5: 17 | S5: 18 | T5: 19 | U5: 20 | V5: 21 | W5: 22 | X5: 23 | Y5: 24 | Z5: 25 | AA5: 26 | AB5: 27 | AC5: 28 | AD5: 29 | AE5: 30 | AF5: 31 | AG5: P | AH5: ODK | AI5: A | AJ5: L | AK5: WO | AL5: PH | AM5: CO | AN5: ML | AO5: REMARKS
A6: =Jan!A6 | AG6: =COUNTIF($B6:$AF6,$AG$5) | AH6: =COUNTIF($B6:$AF6,$AH$5) | AI6: =COUNTIF($B6:$AF6,$AI$5) | AJ6: =COUNTIF($B6:$AF6,$AJ$5) | AK6: =COUNTIF($B6:$AF6,$AK$5) | AL6: =COUNTIF($B6:$AF6,$AL$5) | AM6: =COUNTIF($B6:$AF6,$AM$5) | AN6: =COUNTIF($B6:$AF6,$AN$5) | AO6: 1 COM-OFF
AG7: =COUNTIF($B7:$AF7,$AG$5) | AH7: =COUNTIF($B7:$AF7,$AH$5) | AI7: =COUNTIF($B7:$AF7,$AI$5) | AJ7: =COUNTIF($B7:$AF7,$AJ$5) | AK7: =COUNTIF($B7:$AF7,$AK$5) | AL7: =COUNTIF($B7:$AF7,$AL$5) | AM7: =COUNTIF($B7:$AF7,$AM$5) | AN7: =COUNTIF($B7:$AF7,$AN$5)
A8: =Jan!A8 | AG8: =COUNTIF($B8:$AF8,$AG$5) | AH8: =COUNTIF($B8:$AF8,$AH$5) | AI8: =COUNTIF($B8:$AF8,$AI$5) | AJ8: =COUNTIF($B8:$AF8,$AJ$5) | AK8: =COUNTIF($B8:$AF8,$AK$5) | AL8: =COUNTIF($B8:$AF8,$AL$5) | AM8: =COUNTIF($B8:$AF8,$AM$5) | AN8: =COUNTIF($B8:$AF8,$AN$5)
AG9: =COUNTIF($B9:$AF9,$AG$5) | AH9: =COUNTIF($B9:$AF9,$AH$5) | AI9: =COUNTIF($B9:$AF9,$AI$5) | AJ9: =COUNTIF($B9:$AF9,$AJ$5) | AK9: =COUNTIF($B9:$AF9,$AK$5) | AL9: =COUNTIF($B9:$AF9,$AL$5) | AM9: =COUNTIF($B9:$AF9,$AM$5) | AN9: =COUNTIF($B9:$AF9,$AN$5)
A10: =Jan!A10 | AG10: =COUNTIF($B10:$AF10,$AG$5) | AH10: =COUNTIF($B10:$AF10,$AH$5) | AI10: =COUNTIF($B10:$AF10,$AI$5) | AJ10: =COUNTIF($B10:$AF10,$AJ$5) | AK10: =COUNTIF($B10:$AF10,$AK$5) | AL10: =COUNTIF($B10:$AF10,$AL$5) | AM10: =COUNTIF($B10:$AF10,$AM$5) | AN10: =COUNTIF($B10:$AF10,$AN$5)
AG11: =COUNTIF($B11:$AF11,$AG$5) | AH11: =COUNTIF($B11:$AF11,$AH$5) | AI11: =COUNTIF($B11:$AF11,$AI$5) | AJ11: =COUNTIF($B11:$AF11,$AJ$5) | AK11: =COUNTIF($B11:$AF11,$AK$5) | AL11: =COUNTIF($B11:$AF11,$AL$5) | AM11: =COUNTIF($B11:$AF11,$AM$5) | AN11: =COUNTIF($B11:$AF11,$AN$5)
A12: =Jan!A12 | AG12: =COUNTIF($B12:$AF12,$AG$5) | AH12: =COUNTIF($B12:$AF12,$AH$5) | AI12: =COUNTIF($B12:$AF12,$AI$5) | AJ12: =COUNTIF($B12:$AF12,$AJ$5) | AK12: =COUNTIF($B12:$AF12,$AK$5) | AL12: =COUNTIF($B12:$AF12,$AL$5) | AM12: =COUNTIF($B12:$AF12,$AM$5) | AN12: =COUNTIF($B12:$AF12,$AN$5)
AG13: =COUNTIF($B13:$AF13,$AG$5) | AH13: =COUNTIF($B13:$AF13,$AH$5) | AI13: =COUNTIF($B13:$AF13,$AI$5) | AJ13: =COUNTIF($B13:$AF13,$AJ$5) | AK13: =COUNTIF($B13:$AF13,$AK$5) | AL13: =COUNTIF($B13:$AF13,$AL$5) | AM13: =COUNTIF($B13:$AF13,$AM$5) | AN13: =COUNTIF($B13:$AF13,$AN$5)
A14: =Jan!A14 | AG14: =COUNTIF($B14:$AF14,$AG$5) | AH14: =COUNTIF($B14:$AF14,$AH$5) | AI14: =COUNTIF($B14:$AF14,$AI$5) | AJ14: =COUNTIF($B14:$AF14,$AJ$5) | AK14: =COUNTIF($B14:$AF14,$AK$5) | AL14: =COUNTIF($B14:$AF14,$AL$5) | AM14: =COUNTIF($B14:$AF14,$AM$5) | AN14: =COUNTIF($B14:$AF14,$AN$5)
AG15: =COUNTIF($B15:$AF15,$AG$5) | AH15: =COUNTIF($B15:$AF15,$AH$5) | AI15: =COUNTIF($B15:$AF15,$AI$5) | AJ15: =COUNTIF($B15:$AF15,$AJ$5) | AK15: =COUNTIF($B15:$AF15,$AK$5) | AL15: =COUNTIF($B15:$AF15,$AL$5) | AM15: =COUNTIF($B15:$AF15,$AM$5) | AN15: =COUNTIF($B15:$AF15,$AN$5)
A16: =Jan!A16 | AG16: =COUNTIF($B16:$AF16,$AG$5) | AH16: =COUNTIF($B16:$AF16,$AH$5) | AI16: =COUNTIF($B16:$AF16,$AI$5) | AJ16: =COUNTIF($B16:$AF16,$AJ$5) | AK16: =COUNTIF($B16:$AF16,$AK$5) | AL16: =COUNTIF($B16:$AF16,$AL$5) | AM16: =COUNTIF($B16:$AF16,$AM$5) | AN16: =COUNTIF($B16:$AF16,$AN$5)
AG17: =COUNTIF($B17:$AF17,$AG$5) | AH17: =COUNTIF($B17:$AF17,$AH$5) | AI17: =COUNTIF($B17:$AF17,$AI$5) | AJ17: =COUNTIF($B17:$AF17,$AJ$5) | AK17: =COUNTIF($B17:$AF17,$AK$5) | AL17: =COUNTIF($B17:$AF17,$AL$5) | AM17: =COUNTIF($B17:$AF17,$AM$5) | AN17: =COUNTIF($B17:$AF17,$AN$5)
A18: =Jan!A18 | AG18: =COUNTIF($B18:$AF18,$AG$5) | AH18: =COUNTIF($B18:$AF18,$AH$5) | AI18: =COUNTIF($B18:$AF18,$AI$5) | AJ18: =COUNTIF($B18:$AF18,$AJ$5) | AK18: =COUNTIF($B18:$AF18,$AK$5) | AL18: =COUNTIF($B18:$AF18,$AL$5) | AM18: =COUNTIF($B18:$AF18,$AM$5) | AN18: =COUNTIF($B18:$AF18,$AN$5)
AG19: =COUNTIF($B19:$AF19,$AG$5) | AH19: =COUNTIF($B19:$AF19,$AH$5) | AI19: =COUNTIF($B19:$AF19,$AI$5) | AJ19: =COUNTIF($B19:$AF19,$AJ$5) | AK19: =COUNTIF($B19:$AF19,$AK$5) | AL19: =COUNTIF($B19:$AF19,$AL$5) | AM19: =COUNTIF($B19:$AF19,$AM$5) | AN19: =COUNTIF($B19:$AF19,$AN$5)
A20: =Jan!A20 | AG20: =COUNTIF($B20:$AF20,$AG$5) | AH20: =COUNTIF($B20:$AF20,$AH$5) | AI20: =COUNTIF($B20:$AF20,$AI$5) | AJ20: =COUNTIF($B20:$AF20,$AJ$5) | AK20: =COUNTIF($B20:$AF20,$AK$5) | AL20: =COUNTIF($B20:$AF20,$AL$5) | AM20: =COUNTIF($B20:$AF20,$AM$5) | AN20: =COUNTIF($B20:$AF20,$AN$5)
AG21: =COUNTIF($B21:$AF21,$AG$5) | AH21: =COUNTIF($B21:$AF21,$AH$5) | AI21: =COUNTIF($B21:$AF21,$AI$5) | AJ21: =COUNTIF($B21:$AF21,$AJ$5) | AK21: =COUNTIF($B21:$AF21,$AK$5) | AL21: =COUNTIF($B21:$AF21,$AL$5) | AM21: =COUNTIF($B21:$AF21,$AM$5) | AN21: =COUNTIF($B21:$AF21,$AN$5)
A22: =Jan!A22 | AG22: =COUNTIF($B22:$AF22,$AG$5) | AH22: =COUNTIF($B22:$AF22,$AH$5) | AI22: =COUNTIF($B22:$AF22,$AI$5) | AJ22: =COUNTIF($B22:$AF22,$AJ$5) | AK22: =COUNTIF($B22:$AF22,$AK$5) | AL22: =COUNTIF($B22:$AF22,$AL$5) | AM22: =COUNTIF($B22:$AF22,$AM$5) | AN22: =COUNTIF($B22:$AF22,$AN$5)
AG23: =COUNTIF($B23:$AF23,$AG$5) | AH23: =COUNTIF($B23:$AF23,$AH$5) | AI23: =COUNTIF($B23:$AF23,$AI$5) | AJ23: =COUNTIF($B23:$AF23,$AJ$5) | AK23: =COUNTIF($B23:$AF23,$AK$5) | AL23: =COUNTIF($B23:$AF23,$AL$5) | AM23: =COUNTIF($B23:$AF23,$AM$5) | AN23: =COUNTIF($B23:$AF23,$AN$5)
A24: =Jan!A24 | AG24: =COUNTIF($B24:$AF24,$AG$5) | AH24: =COUNTIF($B24:$AF24,$AH$5) | AI24: =COUNTIF($B24:$AF24,$AI$5) | AJ24: =COUNTIF($B24:$AF24,$AJ$5) | AK24: =COUNTIF($B24:$AF24,$AK$5) | AL24: =COUNTIF($B24:$AF24,$AL$5) | AM24: =COUNTIF($B24:$AF24,$AM$5) | AN24: =COUNTIF($B24:$AF24,$AN$5)
AG25: =COUNTIF($B25:$AF25,$AG$5) | AH25: =COUNTIF($B25:$AF25,$AH$5) | AI25: =COUNTIF($B25:$AF25,$AI$5) | AJ25: =COUNTIF($B25:$AF25,$AJ$5) | AK25: =COUNTIF($B25:$AF25,$AK$5) | AL25: =COUNTIF($B25:$AF25,$AL$5) | AM25: =COUNTIF($B25:$AF25,$AM$5) | AN25: =COUNTIF($B25:$AF25,$AN$5)
A26: =Jan!A26 | AG26: =COUNTIF($B26:$AF26,$AG$5) | AH26: =COUNTIF($B26:$AF26,$AH$5) | AI26: =COUNTIF($B26:$AF26,$AI$5) | AJ26: =COUNTIF($B26:$AF26,$AJ$5) | AK26: =COUNTIF($B26:$AF26,$AK$5) | AL26: =COUNTIF($B26:$AF26,$AL$5) | AM26: =COUNTIF($B26:$AF26,$AM$5) | AN26: =COUNTIF($B26:$AF26,$AN$5)
AG27: =COUNTIF($B27:$AF27,$AG$5) | AH27: =COUNTIF($B27:$AF27,$AH$5) | AI27: =COUNTIF($B27:$AF27,$AI$5) | AJ27: =COUNTIF($B27:$AF27,$AJ$5) | AK27: =COUNTIF($B27:$AF27,$AK$5) | AL27: =COUNTIF($B27:$AF27,$AL$5) | AM27: =COUNTIF($B27:$AF27,$AM$5) | AN27: =COUNTIF($B27:$AF27,$AN$5)
A28: =Jan!A28 | AG28: =COUNTIF($B28:$AF28,$AG$5) | AH28: =COUNTIF($B28:$AF28,$AH$5) | AI28: =COUNTIF($B28:$AF28,$AI$5) | AJ28: =COUNTIF($B28:$AF28,$AJ$5) | AK28: =COUNTIF($B28:$AF28,$AK$5) | AL28: =COUNTIF($B28:$AF28,$AL$5) | AM28: =COUNTIF($B28:$AF28,$AM$5) | AN28: =COUNTIF($B28:$AF28,$AN$5)
AG29: =COUNTIF($B29:$AF29,$AG$5) | AH29: =COUNTIF($B29:$AF29,$AH$5) | AI29: =COUNTIF($B29:$AF29,$AI$5) | AJ29: =COUNTIF($B29:$AF29,$AJ$5) | AK29: =COUNTIF($B29:$AF29,$AK$5) | AL29: =COUNTIF($B29:$AF29,$AL$5) | AM29: =COUNTIF($B29:$AF29,$AM$5) | AN29: =COUNTIF($B29:$AF29,$AN$5)
A30: =Jan!A30 | AG30: =COUNTIF($B30:$AF30,$AG$5) | AH30: =COUNTIF($B30:$AF30,$AH$5) | AI30: =COUNTIF($B30:$AF30,$AI$5) | AJ30: =COUNTIF($B30:$AF30,$AJ$5) | AK30: =COUNTIF($B30:$AF30,$AK$5) | AL30: =COUNTIF($B30:$AF30,$AL$5) | AM30: =COUNTIF($B30:$AF30,$AM$5) | AN30: =COUNTIF($B30:$AF30,$AN$5)
AG31: =COUNTIF($B31:$AF31,$AG$5) | AH31: =COUNTIF($B31:$AF31,$AH$5) | AI31: =COUNTIF($B31:$AF31,$AI$5) | AJ31: =COUNTIF($B31:$AF31,$AJ$5) | AK31: =COUNTIF($B31:$AF31,$AK$5) | AL31: =COUNTIF($B31:$AF31,$AL$5) | AM31: =COUNTIF($B31:$AF31,$AM$5) | AN31: =COUNTIF($B31:$AF31,$AN$5)
A32: =Jan!A32 | AG32: =COUNTIF($B32:$AF32,$AG$5) | AH32: =COUNTIF($B32:$AF32,$AH$5) | AI32: =COUNTIF($B32:$AF32,$AI$5) | AJ32: =COUNTIF($B32:$AF32,$AJ$5) | AK32: =COUNTIF($B32:$AF32,$AK$5) | AL32: =COUNTIF($B32:$AF32,$AL$5) | AM32: =COUNTIF($B32:$AF32,$AM$5) | AN32: =COUNTIF($B32:$AF32,$AN$5)
AG33: =COUNTIF($B33:$AF33,$AG$5) | AH33: =COUNTIF($B33:$AF33,$AH$5) | AI33: =COUNTIF($B33:$AF33,$AI$5) | AJ33: =COUNTIF($B33:$AF33,$AJ$5) | AK33: =COUNTIF($B33:$AF33,$AK$5) | AL33: =COUNTIF($B33:$AF33,$AL$5) | AM33: =COUNTIF($B33:$AF33,$AM$5) | AN33: =COUNTIF($B33:$AF33,$AN$5)
A34: =Jan!A34 | AG34: =COUNTIF($B34:$AF34,$AG$5) | AH34: =COUNTIF($B34:$AF34,$AH$5) | AI34: =COUNTIF($B34:$AF34,$AI$5) | AJ34: =COUNTIF($B34:$AF34,$AJ$5) | AK34: =COUNTIF($B34:$AF34,$AK$5) | AL34: =COUNTIF($B34:$AF34,$AL$5) | AM34: =COUNTIF($B34:$AF34,$AM$5) | AN34: =COUNTIF($B34:$AF34,$AN$5)
AG35: =COUNTIF($B35:$AF35,$AG$5) | AH35: =COUNTIF($B35:$AF35,$AH$5) | AI35: =COUNTIF($B35:$AF35,$AI$5) | AJ35: =COUNTIF($B35:$AF35,$AJ$5) | AK35: =COUNTIF($B35:$AF35,$AK$5) | AL35: =COUNTIF($B35:$AF35,$AL$5) | AM35: =COUNTIF($B35:$AF35,$AM$5) | AN35: =COUNTIF($B35:$AF35,$AN$5)
A36: =Jan!A36 | AG36: =COUNTIF($B36:$AF36,$AG$5) | AH36: =COUNTIF($B36:$AF36,$AH$5) | AI36: =COUNTIF($B36:$AF36,$AI$5) | AJ36: =COUNTIF($B36:$AF36,$AJ$5) | AK36: =COUNTIF($B36:$AF36,$AK$5) | AL36: =COUNTIF($B36:$AF36,$AL$5) | AM36: =COUNTIF($B36:$AF36,$AM$5) | AN36: =COUNTIF($B36:$AF36,$AN$5)
AG37: =COUNTIF($B37:$AF37,$AG$5) | AH37: =COUNTIF($B37:$AF37,$AH$5) | AI37: =COUNTIF($B37:$AF37,$AI$5) | AJ37: =COUNTIF($B37:$AF37,$AJ$5) | AK37: =COUNTIF($B37:$AF37,$AK$5) | AL37: =COUNTIF($B37:$AF37,$AL$5) | AM37: =COUNTIF($B37:$AF37,$AM$5) | AN37: =COUNTIF($B37:$AF37,$AN$5)
A38: =Jan!A38 | AG38: =COUNTIF($B38:$AF38,$AG$5) | AH38: =COUNTIF($B38:$AF38,$AH$5) | AI38: =COUNTIF($B38:$AF38,$AI$5) | AJ38: =COUNTIF($B38:$AF38,$AJ$5) | AK38: =COUNTIF($B38:$AF38,$AK$5) | AL38: =COUNTIF($B38:$AF38,$AL$5) | AM38: =COUNTIF($B38:$AF38,$AM$5) | AN38: =COUNTIF($B38:$AF38,$AN$5)
AG39: =COUNTIF($B39:$AF39,$AG$5) | AH39: =COUNTIF($B39:$AF39,$AH$5) | AI39: =COUNTIF($B39:$AF39,$AI$5) | AJ39: =COUNTIF($B39:$AF39,$AJ$5) | AK39: =COUNTIF($B39:$AF39,$AK$5) | AL39: =COUNTIF($B39:$AF39,$AL$5) | AM39: =COUNTIF($B39:$AF39,$AM$5) | AN39: =COUNTIF($B39:$AF39,$AN$5)
A40: =Jan!A40 | AG40: =COUNTIF($B40:$AF40,$AG$5) | AH40: =COUNTIF($B40:$AF40,$AH$5) | AI40: =COUNTIF($B40:$AF40,$AI$5) | AJ40: =COUNTIF($B40:$AF40,$AJ$5) | AK40: =COUNTIF($B40:$AF40,$AK$5) | AL40: =COUNTIF($B40:$AF40,$AL$5) | AM40: =COUNTIF($B40:$AF40,$AM$5) | AN40: =COUNTIF($B40:$AF40,$AN$5)
AG41: =COUNTIF($B41:$AF41,$AG$5) | AH41: =COUNTIF($B41:$AF41,$AH$5) | AI41: =COUNTIF($B41:$AF41,$AI$5) | AJ41: =COUNTIF($B41:$AF41,$AJ$5) | AK41: =COUNTIF($B41:$AF41,$AK$5) | AL41: =COUNTIF($B41:$AF41,$AL$5) | AM41: =COUNTIF($B41:$AF41,$AM$5) | AN41: =COUNTIF($B41:$AF41,$AN$5)
A42: =Jan!A42 | AG42: =COUNTIF($B42:$AF42,$AG$5) | AH42: =COUNTIF($B42:$AF42,$AH$5) | AI42: =COUNTIF($B42:$AF42,$AI$5) | AJ42: =COUNTIF($B42:$AF42,$AJ$5) | AK42: =COUNTIF($B42:$AF42,$AK$5) | AL42: =COUNTIF($B42:$AF42,$AL$5) | AM42: =COUNTIF($B42:$AF42,$AM$5) | AN42: =COUNTIF($B42:$AF42,$AN$5)
AG43: =COUNTIF($B43:$AF43,$AG$5) | AH43: =COUNTIF($B43:$AF43,$AH$5) | AI43: =COUNTIF($B43:$AF43,$AI$5) | AJ43: =COUNTIF($B43:$AF43,$AJ$5) | AK43: =COUNTIF($B43:$AF43,$AK$5) | AL43: =COUNTIF($B43:$AF43,$AL$5) | AM43: =COUNTIF($B43:$AF43,$AM$5) | AN43: =COUNTIF($B43:$AF43,$AN$5)
A44: =Jan!A44 | AG44: =COUNTIF($B44:$AF44,$AG$5) | AH44: =COUNTIF($B44:$AF44,$AH$5) | AI44: =COUNTIF($B44:$AF44,$AI$5) | AJ44: =COUNTIF($B44:$AF44,$AJ$5) | AK44: =COUNTIF($B44:$AF44,$AK$5) | AL44: =COUNTIF($B44:$AF44,$AL$5) | AM44: =COUNTIF($B44:$AF44,$AM$5) | AN44: =COUNTIF($B44:$AF44,$AN$5)
AG45: =COUNTIF($B45:$AF45,$AG$5) | AH45: =COUNTIF($B45:$AF45,$AH$5) | AI45: =COUNTIF($B45:$AF45,$AI$5) | AJ45: =COUNTIF($B45:$AF45,$AJ$5) | AK45: =COUNTIF($B45:$AF45,$AK$5) | AL45: =COUNTIF($B45:$AF45,$AL$5) | AM45: =COUNTIF($B45:$AF45,$AM$5) | AN45: =COUNTIF($B45:$AF45,$AN$5)
A46: =Jan!A46 | AG46: =COUNTIF($B46:$AF46,$AG$5) | AH46: =COUNTIF($B46:$AF46,$AH$5) | AI46: =COUNTIF($B46:$AF46,$AI$5) | AJ46: =COUNTIF($B46:$AF46,$AJ$5) | AK46: =COUNTIF($B46:$AF46,$AK$5) | AL46: =COUNTIF($B46:$AF46,$AL$5) | AM46: =COUNTIF($B46:$AF46,$AM$5) | AN46: =COUNTIF($B46:$AF46,$AN$5)
AG47: =COUNTIF($B47:$AF47,$AG$5) | AH47: =COUNTIF($B47:$AF47,$AH$5) | AI47: =COUNTIF($B47:$AF47,$AI$5) | AJ47: =COUNTIF($B47:$AF47,$AJ$5) | AK47: =COUNTIF($B47:$AF47,$AK$5) | AL47: =COUNTIF($B47:$AF47,$AL$5) | AM47: =COUNTIF($B47:$AF47,$AM$5) | AN47: =COUNTIF($B47:$AF47,$AN$5)
A48: =Jan!A48 | AG48: =COUNTIF($B48:$AF48,$AG$5) | AH48: =COUNTIF($B48:$AF48,$AH$5) | AI48: =COUNTIF($B48:$AF48,$AI$5) | AJ48: =COUNTIF($B48:$AF48,$AJ$5) | AK48: =COUNTIF($B48:$AF48,$AK$5) | AL48: =COUNTIF($B48:$AF48,$AL$5) | AM48: =COUNTIF($B48:$AF48,$AM$5) | AN48: =COUNTIF($B48:$AF48,$AN$5)
AG49: =COUNTIF($B49:$AF49,$AG$5) | AH49: =COUNTIF($B49:$AF49,$AH$5) | AI49: =COUNTIF($B49:$AF49,$AI$5) | AJ49: =COUNTIF($B49:$AF49,$AJ$5) | AK49: =COUNTIF($B49:$AF49,$AK$5) | AL49: =COUNTIF($B49:$AF49,$AL$5) | AM49: =COUNTIF($B49:$AF49,$AM$5) | AN49: =COUNTIF($B49:$AF49,$AN$5)

Sheet Jun
A1: PREASONT REPORT IN THE MONTH OF JUN 2015
A3: A - ABSENT | B3: L - LEAVE | F3: WO - WEEKLY OFF | K3: PH - PUBLIC HOLIDAY | P3: CO - COMP. OFF | U3: ML - MEDICAL. LEAVE | AA3: ODK - WORK AT KARAI
B4: CALENDER DATES
A5: NAME | B5: 1 | C5: 2 | D5: 3 | E5: 4 | F5: 5 | G5: 6 | H5: 7 | I5: 8 | J5: 9 | K5: 10 | L5: 11 | M5: 12 | N5: 13 | O5: 14 | P5: 15 | Q5: 16 | R5: 17 | S5: 18 | T5: 19 | U5: 20 | V5: 21 | W5: 22 | X5: 23 | Y5: 24 | Z5: 25 | AA5: 26 | AB5: 27 | AC5: 28 | AD5: 29 | AE5: 30 | AF5: 31 | AG5: P | AH5: ODK | AI5: A | AJ5: L | AK5: WO | AL5: PH | AM5: CO | AN5: ML | AO5: REMARKS
A6: =Jan!A6 | AG6: =COUNTIF($B6:$AF6,$AG$5) | AH6: =COUNTIF($B6:$AF6,$AH$5) | AI6: =COUNTIF($B6:$AF6,$AI$5) | AJ6: =COUNTIF($B6:$AF6,$AJ$5) | AK6: =COUNTIF($B6:$AF6,$AK$5) | AL6: =COUNTIF($B6:$AF6,$AL$5) | AM6: =COUNTIF($B6:$AF6,$AM$5) | AN6: =COUNTIF($B6:$AF6,$AN$5) | AO6: 1 COM-OFF
AG7: =COUNTIF($B7:$AF7,$AG$5) | AH7: =COUNTIF($B7:$AF7,$AH$5) | AI7: =COUNTIF($B7:$AF7,$AI$5) | AJ7: =COUNTIF($B7:$AF7,$AJ$5) | AK7: =COUNTIF($B7:$AF7,$AK$5) | AL7: =COUNTIF($B7:$AF7,$AL$5) | AM7: =COUNTIF($B7:$AF7,$AM$5) | AN7: =COUNTIF($B7:$AF7,$AN$5)
A8: =Jan!A8 | AG8: =COUNTIF($B8:$AF8,$AG$5) | AH8: =COUNTIF($B8:$AF8,$AH$5) | AI8: =COUNTIF($B8:$AF8,$AI$5) | AJ8: =COUNTIF($B8:$AF8,$AJ$5) | AK8: =COUNTIF($B8:$AF8,$AK$5) | AL8: =COUNTIF($B8:$AF8,$AL$5) | AM8: =COUNTIF($B8:$AF8,$AM$5) | AN8: =COUNTIF($B8:$AF8,$AN$5)
AG9: =COUNTIF($B9:$AF9,$AG$5) | AH9: =COUNTIF($B9:$AF9,$AH$5) | AI9: =COUNTIF($B9:$AF9,$AI$5) | AJ9: =COUNTIF($B9:$AF9,$AJ$5) | AK9: =COUNTIF($B9:$AF9,$AK$5) | AL9: =COUNTIF($B9:$AF9,$AL$5) | AM9: =COUNTIF($B9:$AF9,$AM$5) | AN9: =COUNTIF($B9:$AF9,$AN$5)
A10: =Jan!A10 | AG10: =COUNTIF($B10:$AF10,$AG$5) | AH10: =COUNTIF($B10:$AF10,$AH$5) | AI10: =COUNTIF($B10:$AF10,$AI$5) | AJ10: =COUNTIF($B10:$AF10,$AJ$5) | AK10: =COUNTIF($B10:$AF10,$AK$5) | AL10: =COUNTIF($B10:$AF10,$AL$5) | AM10: =COUNTIF($B10:$AF10,$AM$5) | AN10: =COUNTIF($B10:$AF10,$AN$5)
AG11: =COUNTIF($B11:$AF11,$AG$5) | AH11: =COUNTIF($B11:$AF11,$AH$5) | AI11: =COUNTIF($B11:$AF11,$AI$5) | AJ11: =COUNTIF($B11:$AF11,$AJ$5) | AK11: =COUNTIF($B11:$AF11,$AK$5) | AL11: =COUNTIF($B11:$AF11,$AL$5) | AM11: =COUNTIF($B11:$AF11,$AM$5) | AN11: =COUNTIF($B11:$AF11,$AN$5)
A12: =Jan!A12 | AG12: =COUNTIF($B12:$AF12,$AG$5) | AH12: =COUNTIF($B12:$AF12,$AH$5) | AI12: =COUNTIF($B12:$AF12,$AI$5) | AJ12: =COUNTIF($B12:$AF12,$AJ$5) | AK12: =COUNTIF($B12:$AF12,$AK$5) | AL12: =COUNTIF($B12:$AF12,$AL$5) | AM12: =COUNTIF($B12:$AF12,$AM$5) | AN12: =COUNTIF($B12:$AF12,$AN$5)
AG13: =COUNTIF($B13:$AF13,$AG$5) | AH13: =COUNTIF($B13:$AF13,$AH$5) | AI13: =COUNTIF($B13:$AF13,$AI$5) | AJ13: =COUNTIF($B13:$AF13,$AJ$5) | AK13: =COUNTIF($B13:$AF13,$AK$5) | AL13: =COUNTIF($B13:$AF13,$AL$5) | AM13: =COUNTIF($B13:$AF13,$AM$5) | AN13: =COUNTIF($B13:$AF13,$AN$5)
A14: =Jan!A14 | AG14: =COUNTIF($B14:$AF14,$AG$5) | AH14: =COUNTIF($B14:$AF14,$AH$5) | AI14: =COUNTIF($B14:$AF14,$AI$5) | AJ14: =COUNTIF($B14:$AF14,$AJ$5) | AK14: =COUNTIF($B14:$AF14,$AK$5) | AL14: =COUNTIF($B14:$AF14,$AL$5) | AM14: =COUNTIF($B14:$AF14,$AM$5) | AN14: =COUNTIF($B14:$AF14,$AN$5)
AG15: =COUNTIF($B15:$AF15,$AG$5) | AH15: =COUNTIF($B15:$AF15,$AH$5) | AI15: =COUNTIF($B15:$AF15,$AI$5) | AJ15: =COUNTIF($B15:$AF15,$AJ$5) | AK15: =COUNTIF($B15:$AF15,$AK$5) | AL15: =COUNTIF($B15:$AF15,$AL$5) | AM15: =COUNTIF($B15:$AF15,$AM$5) | AN15: =COUNTIF($B15:$AF15,$AN$5)
A16: =Jan!A16 | AG16: =COUNTIF($B16:$AF16,$AG$5) | AH16: =COUNTIF($B16:$AF16,$AH$5) | AI16: =COUNTIF($B16:$AF16,$AI$5) | AJ16: =COUNTIF($B16:$AF16,$AJ$5) | AK16: =COUNTIF($B16:$AF16,$AK$5) | AL16: =COUNTIF($B16:$AF16,$AL$5) | AM16: =COUNTIF($B16:$AF16,$AM$5) | AN16: =COUNTIF($B16:$AF16,$AN$5)
AG17: =COUNTIF($B17:$AF17,$AG$5) | AH17: =COUNTIF($B17:$AF17,$AH$5) | AI17: =COUNTIF($B17:$AF17,$AI$5) | AJ17: =COUNTIF($B17:$AF17,$AJ$5) | AK17: =COUNTIF($B17:$AF17,$AK$5) | AL17: =COUNTIF($B17:$AF17,$AL$5) | AM17: =COUNTIF($B17:$AF17,$AM$5) | AN17: =COUNTIF($B17:$AF17,$AN$5)
A18: =Jan!A18 | AG18: =COUNTIF($B18:$AF18,$AG$5) | AH18: =COUNTIF($B18:$AF18,$AH$5) | AI18: =COUNTIF($B18:$AF18,$AI$5) | AJ18: =COUNTIF($B18:$AF18,$AJ$5) | AK18: =COUNTIF($B18:$AF18,$AK$5) | AL18: =COUNTIF($B18:$AF18,$AL$5) | AM18: =COUNTIF($B18:$AF18,$AM$5) | AN18: =COUNTIF($B18:$AF18,$AN$5)
AG19: =COUNTIF($B19:$AF19,$AG$5) | AH19: =COUNTIF($B19:$AF19,$AH$5) | AI19: =COUNTIF($B19:$AF19,$AI$5) | AJ19: =COUNTIF($B19:$AF19,$AJ$5) | AK19: =COUNTIF($B19:$AF19,$AK$5) | AL19: =COUNTIF($B19:$AF19,$AL$5) | AM19: =COUNTIF($B19:$AF19,$AM$5) | AN19: =COUNTIF($B19:$AF19,$AN$5)
A20: =Jan!A20 | AG20: =COUNTIF($B20:$AF20,$AG$5) | AH20: =COUNTIF($B20:$AF20,$AH$5) | AI20: =COUNTIF($B20:$AF20,$AI$5) | AJ20: =COUNTIF($B20:$AF20,$AJ$5) | AK20: =COUNTIF($B20:$AF20,$AK$5) | AL20: =COUNTIF($B20:$AF20,$AL$5) | AM20: =COUNTIF($B20:$AF20,$AM$5) | AN20: =COUNTIF($B20:$AF20,$AN$5)
AG21: =COUNTIF($B21:$AF21,$AG$5) | AH21: =COUNTIF($B21:$AF21,$AH$5) | AI21: =COUNTIF($B21:$AF21,$AI$5) | AJ21: =COUNTIF($B21:$AF21,$AJ$5) | AK21: =COUNTIF($B21:$AF21,$AK$5) | AL21: =COUNTIF($B21:$AF21,$AL$5) | AM21: =COUNTIF($B21:$AF21,$AM$5) | AN21: =COUNTIF($B21:$AF21,$AN$5)
A22: =Jan!A22 | AG22: =COUNTIF($B22:$AF22,$AG$5) | AH22: =COUNTIF($B22:$AF22,$AH$5) | AI22: =COUNTIF($B22:$AF22,$AI$5) | AJ22: =COUNTIF($B22:$AF22,$AJ$5) | AK22: =COUNTIF($B22:$AF22,$AK$5) | AL22: =COUNTIF($B22:$AF22,$AL$5) | AM22: =COUNTIF($B22:$AF22,$AM$5) | AN22: =COUNTIF($B22:$AF22,$AN$5)
AG23: =COUNTIF($B23:$AF23,$AG$5) | AH23: =COUNTIF($B23:$AF23,$AH$5) | AI23: =COUNTIF($B23:$AF23,$AI$5) | AJ23: =COUNTIF($B23:$AF23,$AJ$5) | AK23: =COUNTIF($B23:$AF23,$AK$5) | AL23: =COUNTIF($B23:$AF23,$AL$5) | AM23: =COUNTIF($B23:$AF23,$AM$5) | AN23: =COUNTIF($B23:$AF23,$AN$5)
A24: =Jan!A24 | AG24: =COUNTIF($B24:$AF24,$AG$5) | AH24: =COUNTIF($B24:$AF24,$AH$5) | AI24: =COUNTIF($B24:$AF24,$AI$5) | AJ24: =COUNTIF($B24:$AF24,$AJ$5) | AK24: =COUNTIF($B24:$AF24,$AK$5) | AL24: =COUNTIF($B24:$AF24,$AL$5) | AM24: =COUNTIF($B24:$AF24,$AM$5) | AN24: =COUNTIF($B24:$AF24,$AN$5)
AG25: =COUNTIF($B25:$AF25,$AG$5) | AH25: =COUNTIF($B25:$AF25,$AH$5) | AI25: =COUNTIF($B25:$AF25,$AI$5) | AJ25: =COUNTIF($B25:$AF25,$AJ$5) | AK25: =COUNTIF($B25:$AF25,$AK$5) | AL25: =COUNTIF($B25:$AF25,$AL$5) | AM25: =COUNTIF($B25:$AF25,$AM$5) | AN25: =COUNTIF($B25:$AF25,$AN$5)
A26: =Jan!A26 | AG26: =COUNTIF($B26:$AF26,$AG$5) | AH26: =COUNTIF($B26:$AF26,$AH$5) | AI26: =COUNTIF($B26:$AF26,$AI$5) | AJ26: =COUNTIF($B26:$AF26,$AJ$5) | AK26: =COUNTIF($B26:$AF26,$AK$5) | AL26: =COUNTIF($B26:$AF26,$AL$5) | AM26: =COUNTIF($B26:$AF26,$AM$5) | AN26: =COUNTIF($B26:$AF26,$AN$5)
AG27: =COUNTIF($B27:$AF27,$AG$5) | AH27: =COUNTIF($B27:$AF27,$AH$5) | AI27: =COUNTIF($B27:$AF27,$AI$5) | AJ27: =COUNTIF($B27:$AF27,$AJ$5) | AK27: =COUNTIF($B27:$AF27,$AK$5) | AL27: =COUNTIF($B27:$AF27,$AL$5) | AM27: =COUNTIF($B27:$AF27,$AM$5) | AN27: =COUNTIF($B27:$AF27,$AN$5)
A28: =Jan!A28 | AG28: =COUNTIF($B28:$AF28,$AG$5) | AH28: =COUNTIF($B28:$AF28,$AH$5) | AI28: =COUNTIF($B28:$AF28,$AI$5) | AJ28: =COUNTIF($B28:$AF28,$AJ$5) | AK28: =COUNTIF($B28:$AF28,$AK$5) | AL28: =COUNTIF($B28:$AF28,$AL$5) | AM28: =COUNTIF($B28:$AF28,$AM$5) | AN28: =COUNTIF($B28:$AF28,$AN$5)
AG29: =COUNTIF($B29:$AF29,$AG$5) | AH29: =COUNTIF($B29:$AF29,$AH$5) | AI29: =COUNTIF($B29:$AF29,$AI$5) | AJ29: =COUNTIF($B29:$AF29,$AJ$5) | AK29: =COUNTIF($B29:$AF29,$AK$5) | AL29: =COUNTIF($B29:$AF29,$AL$5) | AM29: =COUNTIF($B29:$AF29,$AM$5) | AN29: =COUNTIF($B29:$AF29,$AN$5)
A30: =Jan!A30 | AG30: =COUNTIF($B30:$AF30,$AG$5) | AH30: =COUNTIF($B30:$AF30,$AH$5) | AI30: =COUNTIF($B30:$AF30,$AI$5) | AJ30: =COUNTIF($B30:$AF30,$AJ$5) | AK30: =COUNTIF($B30:$AF30,$AK$5) | AL30: =COUNTIF($B30:$AF30,$AL$5) | AM30: =COUNTIF($B30:$AF30,$AM$5) | AN30: =COUNTIF($B30:$AF30,$AN$5)
AG31: =COUNTIF($B31:$AF31,$AG$5) | AH31: =COUNTIF($B31:$AF31,$AH$5) | AI31: =COUNTIF($B31:$AF31,$AI$5) | AJ31: =COUNTIF($B31:$AF31,$AJ$5) | AK31: =COUNTIF($B31:$AF31,$AK$5) | AL31: =COUNTIF($B31:$AF31,$AL$5) | AM31: =COUNTIF($B31:$AF31,$AM$5) | AN31: =COUNTIF($B31:$AF31,$AN$5)
A32: =Jan!A32 | AG32: =COUNTIF($B32:$AF32,$AG$5) | AH32: =COUNTIF($B32:$AF32,$AH$5) | AI32: =COUNTIF($B32:$AF32,$AI$5) | AJ32: =COUNTIF($B32:$AF32,$AJ$5) | AK32: =COUNTIF($B32:$AF32,$AK$5) | AL32: =COUNTIF($B32:$AF32,$AL$5) | AM32: =COUNTIF($B32:$AF32,$AM$5) | AN32: =COUNTIF($B32:$AF32,$AN$5)
AG33: =COUNTIF($B33:$AF33,$AG$5) | AH33: =COUNTIF($B33:$AF33,$AH$5) | AI33: =COUNTIF($B33:$AF33,$AI$5) | AJ33: =COUNTIF($B33:$AF33,$AJ$5) | AK33: =COUNTIF($B33:$AF33,$AK$5) | AL33: =COUNTIF($B33:$AF33,$AL$5) | AM33: =COUNTIF($B33:$AF33,$AM$5) | AN33: =COUNTIF($B33:$AF33,$AN$5)
A34: =Jan!A34 | AG34: =COUNTIF($B34:$AF34,$AG$5) | AH34: =COUNTIF($B34:$AF34,$AH$5) | AI34: =COUNTIF($B34:$AF34,$AI$5) | AJ34: =COUNTIF($B34:$AF34,$AJ$5) | AK34: =COUNTIF($B34:$AF34,$AK$5) | AL34: =COUNTIF($B34:$AF34,$AL$5) | AM34: =COUNTIF($B34:$AF34,$AM$5) | AN34: =COUNTIF($B34:$AF34,$AN$5)
AG35: =COUNTIF($B35:$AF35,$AG$5) | AH35: =COUNTIF($B35:$AF35,$AH$5) | AI35: =COUNTIF($B35:$AF35,$AI$5) | AJ35: =COUNTIF($B35:$AF35,$AJ$5) | AK35: =COUNTIF($B35:$AF35,$AK$5) | AL35: =COUNTIF($B35:$AF35,$AL$5) | AM35: =COUNTIF($B35:$AF35,$AM$5) | AN35: =COUNTIF($B35:$AF35,$AN$5)
A36: =Jan!A36 | AG36: =COUNTIF($B36:$AF36,$AG$5) | AH36: =COUNTIF($B36:$AF36,$AH$5) | AI36: =COUNTIF($B36:$AF36,$AI$5) | AJ36: =COUNTIF($B36:$AF36,$AJ$5) | AK36: =COUNTIF($B36:$AF36,$AK$5) | AL36: =COUNTIF($B36:$AF36,$AL$5) | AM36: =COUNTIF($B36:$AF36,$AM$5) | AN36: =COUNTIF($B36:$AF36,$AN$5)
AG37: =COUNTIF($B37:$AF37,$AG$5) | AH37: =COUNTIF($B37:$AF37,$AH$5) | AI37: =COUNTIF($B37:$AF37,$AI$5) | AJ37: =COUNTIF($B37:$AF37,$AJ$5) | AK37: =COUNTIF($B37:$AF37,$AK$5) | AL37: =COUNTIF($B37:$AF37,$AL$5) | AM37: =COUNTIF($B37:$AF37,$AM$5) | AN37: =COUNTIF($B37:$AF37,$AN$5)
A38: =Jan!A38 | AG38: =COUNTIF($B38:$AF38,$AG$5) | AH38: =COUNTIF($B38:$AF38,$AH$5) | AI38: =COUNTIF($B38:$AF38,$AI$5) | AJ38: =COUNTIF($B38:$AF38,$AJ$5) | AK38: =COUNTIF($B38:$AF38,$AK$5) | AL38: =COUNTIF($B38:$AF38,$AL$5) | AM38: =COUNTIF($B38:$AF38,$AM$5) | AN38: =COUNTIF($B38:$AF38,$AN$5)
AG39: =COUNTIF($B39:$AF39,$AG$5) | AH39: =COUNTIF($B39:$AF39,$AH$5) | AI39: =COUNTIF($B39:$AF39,$AI$5) | AJ39: =COUNTIF($B39:$AF39,$AJ$5) | AK39: =COUNTIF($B39:$AF39,$AK$5) | AL39: =COUNTIF($B39:$AF39,$AL$5) | AM39: =COUNTIF($B39:$AF39,$AM$5) | AN39: =COUNTIF($B39:$AF39,$AN$5)
A40: =Jan!A40 | AG40: =COUNTIF($B40:$AF40,$AG$5) | AH40: =COUNTIF($B40:$AF40,$AH$5) | AI40: =COUNTIF($B40:$AF40,$AI$5) | AJ40: =COUNTIF($B40:$AF40,$AJ$5) | AK40: =COUNTIF($B40:$AF40,$AK$5) | AL40: =COUNTIF($B40:$AF40,$AL$5) | AM40: =COUNTIF($B40:$AF40,$AM$5) | AN40: =COUNTIF($B40:$AF40,$AN$5)
AG41: =COUNTIF($B41:$AF41,$AG$5) | AH41: =COUNTIF($B41:$AF41,$AH$5) | AI41: =COUNTIF($B41:$AF41,$AI$5) | AJ41: =COUNTIF($B41:$AF41,$AJ$5) | AK41: =COUNTIF($B41:$AF41,$AK$5) | AL41: =COUNTIF($B41:$AF41,$AL$5) | AM41: =COUNTIF($B41:$AF41,$AM$5) | AN41: =COUNTIF($B41:$AF41,$AN$5)
A42: =Jan!A42 | AG42: =COUNTIF($B42:$AF42,$AG$5) | AH42: =COUNTIF($B42:$AF42,$AH$5) | AI42: =COUNTIF($B42:$AF42,$AI$5) | AJ42: =COUNTIF($B42:$AF42,$AJ$5) | AK42: =COUNTIF($B42:$AF42,$AK$5) | AL42: =COUNTIF($B42:$AF42,$AL$5) | AM42: =COUNTIF($B42:$AF42,$AM$5) | AN42: =COUNTIF($B42:$AF42,$AN$5)
AG43: =COUNTIF($B43:$AF43,$AG$5) | AH43: =COUNTIF($B43:$AF43,$AH$5) | AI43: =COUNTIF($B43:$AF43,$AI$5) | AJ43: =COUNTIF($B43:$AF43,$AJ$5) | AK43: =COUNTIF($B43:$AF43,$AK$5) | AL43: =COUNTIF($B43:$AF43,$AL$5) | AM43: =COUNTIF($B43:$AF43,$AM$5) | AN43: =COUNTIF($B43:$AF43,$AN$5)
A44: =Jan!A44 | AG44: =COUNTIF($B44:$AF44,$AG$5) | AH44: =COUNTIF($B44:$AF44,$AH$5) | AI44: =COUNTIF($B44:$AF44,$AI$5) | AJ44: =COUNTIF($B44:$AF44,$AJ$5) | AK44: =COUNTIF($B44:$AF44,$AK$5) | AL44: =COUNTIF($B44:$AF44,$AL$5) | AM44: =COUNTIF($B44:$AF44,$AM$5) | AN44: =COUNTIF($B44:$AF44,$AN$5)
AG45: =COUNTIF($B45:$AF45,$AG$5) | AH45: =COUNTIF($B45:$AF45,$AH$5) | AI45: =COUNTIF($B45:$AF45,$AI$5) | AJ45: =COUNTIF($B45:$AF45,$AJ$5) | AK45: =COUNTIF($B45:$AF45,$AK$5) | AL45: =COUNTIF($B45:$AF45,$AL$5) | AM45: =COUNTIF($B45:$AF45,$AM$5) | AN45: =COUNTIF($B45:$AF45,$AN$5)
A46: =Jan!A46 | AG46: =COUNTIF($B46:$AF46,$AG$5) | AH46: =COUNTIF($B46:$AF46,$AH$5) | AI46: =COUNTIF($B46:$AF46,$AI$5) | AJ46: =COUNTIF($B46:$AF46,$AJ$5) | AK46: =COUNTIF($B46:$AF46,$AK$5) | AL46: =COUNTIF($B46:$AF46,$AL$5) | AM46: =COUNTIF($B46:$AF46,$AM$5) | AN46: =COUNTIF($B46:$AF46,$AN$5)
AG47: =COUNTIF($B47:$AF47,$AG$5) | AH47: =COUNTIF($B47:$AF47,$AH$5) | AI47: =COUNTIF($B47:$AF47,$AI$5) | AJ47: =COUNTIF($B47:$AF47,$AJ$5) | AK47: =COUNTIF($B47:$AF47,$AK$5) | AL47: =COUNTIF($B47:$AF47,$AL$5) | AM47: =COUNTIF($B47:$AF47,$AM$5) | AN47: =COUNTIF($B47:$AF47,$AN$5)
A48: =Jan!A48 | AG48: =COUNTIF($B48:$AF48,$AG$5) | AH48: =COUNTIF($B48:$AF48,$AH$5) | AI48: =COUNTIF($B48:$AF48,$AI$5) | AJ48: =COUNTIF($B48:$AF48,$AJ$5) | AK48: =COUNTIF($B48:$AF48,$AK$5) | AL48: =COUNTIF($B48:$AF48,$AL$5) | AM48: =COUNTIF($B48:$AF48,$AM$5) | AN48: =COUNTIF($B48:$AF48,$AN$5)
AG49: =COUNTIF($B49:$AF49,$AG$5) | AH49: =COUNTIF($B49:$AF49,$AH$5) | AI49: =COUNTIF($B49:$AF49,$AI$5) | AJ49: =COUNTIF($B49:$AF49,$AJ$5) | AK49: =COUNTIF($B49:$AF49,$AK$5) | AL49: =COUNTIF($B49:$AF49,$AL$5) | AM49: =COUNTIF($B49:$AF49,$AM$5) | AN49: =COUNTIF($B49:$AF49,$AN$5)

Sheet Jul
A1: PREASONT REPORT IN THE MONTH OF JUL 2015
A3: A - ABSENT | B3: L - LEAVE | F3: WO - WEEKLY OFF | K3: PH - PUBLIC HOLIDAY | P3: CO - COMP. OFF | U3: ML - MEDICAL. LEAVE | AA3: ODK - WORK AT KARAI
B4: CALENDER DATES
A5: NAME | B5: 1 | C5: 2 | D5: 3 | E5: 4 | F5: 5 | G5: 6 | H5: 7 | I5: 8 | J5: 9 | K5: 10 | L5: 11 | M5: 12 | N5: 13 | O5: 14 | P5: 15 | Q5: 16 | R5: 17 | S5: 18 | T5: 19 | U5: 20 | V5: 21 | W5: 22 | X5: 23 | Y5: 24 | Z5: 25 | AA5: 26 | AB5: 27 | AC5: 28 | AD5: 29 | AE5: 30 | AF5: 31 | AG5: P | AH5: ODK | AI5: A | AJ5: L | AK5: WO | AL5: PH | AM5: CO | AN5: ML | AO5: REMARKS
A6: =Jan!A6 | AG6: =COUNTIF($B6:$AF6,$AG$5) | AH6: =COUNTIF($B6:$AF6,$AH$5) | AI6: =COUNTIF($B6:$AF6,$AI$5) | AJ6: =COUNTIF($B6:$AF6,$AJ$5) | AK6: =COUNTIF($B6:$AF6,$AK$5) | AL6: =COUNTIF($B6:$AF6,$AL$5) | AM6: =COUNTIF($B6:$AF6,$AM$5) | AN6: =COUNTIF($B6:$AF6,$AN$5) | AO6: 1 COM-OFF
AG7: =COUNTIF($B7:$AF7,$AG$5) | AH7: =COUNTIF($B7:$AF7,$AH$5) | AI7: =COUNTIF($B7:$AF7,$AI$5) | AJ7: =COUNTIF($B7:$AF7,$AJ$5) | AK7: =COUNTIF($B7:$AF7,$AK$5) | AL7: =COUNTIF($B7:$AF7,$AL$5) | AM7: =COUNTIF($B7:$AF7,$AM$5) | AN7: =COUNTIF($B7:$AF7,$AN$5)
A8: =Jan!A8 | AG8: =COUNTIF($B8:$AF8,$AG$5) | AH8: =COUNTIF($B8:$AF8,$AH$5) | AI8: =COUNTIF($B8:$AF8,$AI$5) | AJ8: =COUNTIF($B8:$AF8,$AJ$5) | AK8: =COUNTIF($B8:$AF8,$AK$5) | AL8: =COUNTIF($B8:$AF8,$AL$5) | AM8: =COUNTIF($B8:$AF8,$AM$5) | AN8: =COUNTIF($B8:$AF8,$AN$5)
AG9: =COUNTIF($B9:$AF9,$AG$5) | AH9: =COUNTIF($B9:$AF9,$AH$5) | AI9: =COUNTIF($B9:$AF9,$AI$5) | AJ9: =COUNTIF($B9:$AF9,$AJ$5) | AK9: =COUNTIF($B9:$AF9,$AK$5) | AL9: =COUNTIF($B9:$AF9,$AL$5) | AM9: =COUNTIF($B9:$AF9,$AM$5) | AN9: =COUNTIF($B9:$AF9,$AN$5)
A10: =Jan!A10 | AG10: =COUNTIF($B10:$AF10,$AG$5) | AH10: =COUNTIF($B10:$AF10,$AH$5) | AI10: =COUNTIF($B10:$AF10,$AI$5) | AJ10: =COUNTIF($B10:$AF10,$AJ$5) | AK10: =COUNTIF($B10:$AF10,$AK$5) | AL10: =COUNTIF($B10:$AF10,$AL$5) | AM10: =COUNTIF($B10:$AF10,$AM$5) | AN10: =COUNTIF($B10:$AF10,$AN$5)
AG11: =COUNTIF($B11:$AF11,$AG$5) | AH11: =COUNTIF($B11:$AF11,$AH$5) | AI11: =COUNTIF($B11:$AF11,$AI$5) | AJ11: =COUNTIF($B11:$AF11,$AJ$5) | AK11: =COUNTIF($B11:$AF11,$AK$5) | AL11: =COUNTIF($B11:$AF11,$AL$5) | AM11: =COUNTIF($B11:$AF11,$AM$5) | AN11: =COUNTIF($B11:$AF11,$AN$5)
A12: =Jan!A12 | AG12: =COUNTIF($B12:$AF12,$AG$5) | AH12: =COUNTIF($B12:$AF12,$AH$5) | AI12: =COUNTIF($B12:$AF12,$AI$5) | AJ12: =COUNTIF($B12:$AF12,$AJ$5) | AK12: =COUNTIF($B12:$AF12,$AK$5) | AL12: =COUNTIF($B12:$AF12,$AL$5) | AM12: =COUNTIF($B12:$AF12,$AM$5) | AN12: =COUNTIF($B12:$AF12,$AN$5)
AG13: =COUNTIF($B13:$AF13,$AG$5) | AH13: =COUNTIF($B13:$AF13,$AH$5) | AI13: =COUNTIF($B13:$AF13,$AI$5) | AJ13: =COUNTIF($B13:$AF13,$AJ$5) | AK13: =COUNTIF($B13:$AF13,$AK$5) | AL13: =COUNTIF($B13:$AF13,$AL$5) | AM13: =COUNTIF($B13:$AF13,$AM$5) | AN13: =COUNTIF($B13:$AF13,$AN$5)
A14: =Jan!A14 | AG14: =COUNTIF($B14:$AF14,$AG$5) | AH14: =COUNTIF($B14:$AF14,$AH$5) | AI14: =COUNTIF($B14:$AF14,$AI$5) | AJ14: =COUNTIF($B14:$AF14,$AJ$5) | AK14: =COUNTIF($B14:$AF14,$AK$5) | AL14: =COUNTIF($B14:$AF14,$AL$5) | AM14: =COUNTIF($B14:$AF14,$AM$5) | AN14: =COUNTIF($B14:$AF14,$AN$5)
AG15: =COUNTIF($B15:$AF15,$AG$5) | AH15: =COUNTIF($B15:$AF15,$AH$5) | AI15: =COUNTIF($B15:$AF15,$AI$5) | AJ15: =COUNTIF($B15:$AF15,$AJ$5) | AK15: =COUNTIF($B15:$AF15,$AK$5) | AL15: =COUNTIF($B15:$AF15,$AL$5) | AM15: =COUNTIF($B15:$AF15,$AM$5) | AN15: =COUNTIF($B15:$AF15,$AN$5)
A16: =Jan!A16 | AG16: =COUNTIF($B16:$AF16,$AG$5) | AH16: =COUNTIF($B16:$AF16,$AH$5) | AI16: =COUNTIF($B16:$AF16,$AI$5) | AJ16: =COUNTIF($B16:$AF16,$AJ$5) | AK16: =COUNTIF($B16:$AF16,$AK$5) | AL16: =COUNTIF($B16:$AF16,$AL$5) | AM16: =COUNTIF($B16:$AF16,$AM$5) | AN16: =COUNTIF($B16:$AF16,$AN$5)
AG17: =COUNTIF($B17:$AF17,$AG$5) | AH17: =COUNTIF($B17:$AF17,$AH$5) | AI17: =COUNTIF($B17:$AF17,$AI$5) | AJ17: =COUNTIF($B17:$AF17,$AJ$5) | AK17: =COUNTIF($B17:$AF17,$AK$5) | AL17: =COUNTIF($B17:$AF17,$AL$5) | AM17: =COUNTIF($B17:$AF17,$AM$5) | AN17: =COUNTIF($B17:$AF17,$AN$5)
A18: =Jan!A18 | AG18: =COUNTIF($B18:$AF18,$AG$5) | AH18: =COUNTIF($B18:$AF18,$AH$5) | AI18: =COUNTIF($B18:$AF18,$AI$5) | AJ18: =COUNTIF($B18:$AF18,$AJ$5) | AK18: =COUNTIF($B18:$AF18,$AK$5) | AL18: =COUNTIF($B18:$AF18,$AL$5) | AM18: =COUNTIF($B18:$AF18,$AM$5) | AN18: =COUNTIF($B18:$AF18,$AN$5)
AG19: =COUNTIF($B19:$AF19,$AG$5) | AH19: =COUNTIF($B19:$AF19,$AH$5) | AI19: =COUNTIF($B19:$AF19,$AI$5) | AJ19: =COUNTIF($B19:$AF19,$AJ$5) | AK19: =COUNTIF($B19:$AF19,$AK$5) | AL19: =COUNTIF($B19:$AF19,$AL$5) | AM19: =COUNTIF($B19:$AF19,$AM$5) | AN19: =COUNTIF($B19:$AF19,$AN$5)
A20: =Jan!A20 | AG20: =COUNTIF($B20:$AF20,$AG$5) | AH20: =COUNTIF($B20:$AF20,$AH$5) | AI20: =COUNTIF($B20:$AF20,$AI$5) | AJ20: =COUNTIF($B20:$AF20,$AJ$5) | AK20: =COUNTIF($B20:$AF20,$AK$5) | AL20: =COUNTIF($B20:$AF20,$AL$5) | AM20: =COUNTIF($B20:$AF20,$AM$5) | AN20: =COUNTIF($B20:$AF20,$AN$5)
AG21: =COUNTIF($B21:$AF21,$AG$5) | AH21: =COUNTIF($B21:$AF21,$AH$5) | AI21: =COUNTIF($B21:$AF21,$AI$5) | AJ21: =COUNTIF($B21:$AF21,$AJ$5) | AK21: =COUNTIF($B21:$AF21,$AK$5) | AL21: =COUNTIF($B21:$AF21,$AL$5) | AM21: =COUNTIF($B21:$AF21,$AM$5) | AN21: =COUNTIF($B21:$AF21,$AN$5)
A22: =Jan!A22 | AG22: =COUNTIF($B22:$AF22,$AG$5) | AH22: =COUNTIF($B22:$AF22,$AH$5) | AI22: =COUNTIF($B22:$AF22,$AI$5) | AJ22: =COUNTIF($B22:$AF22,$AJ$5) | AK22: =COUNTIF($B22:$AF22,$AK$5) | AL22: =COUNTIF($B22:$AF22,$AL$5) | AM22: =COUNTIF($B22:$AF22,$AM$5) | AN22: =COUNTIF($B22:$AF22,$AN$5)
AG23: =COUNTIF($B23:$AF23,$AG$5) | AH23: =COUNTIF($B23:$AF23,$AH$5) | AI23: =COUNTIF($B23:$AF23,$AI$5) | AJ23: =COUNTIF($B23:$AF23,$AJ$5) | AK23: =COUNTIF($B23:$AF23,$AK$5) | AL23: =COUNTIF($B23:$AF23,$AL$5) | AM23: =COUNTIF($B23:$AF23,$AM$5) | AN23: =COUNTIF($B23:$AF23,$AN$5)
A24: =Jan!A24 | AG24: =COUNTIF($B24:$AF24,$AG$5) | AH24: =COUNTIF($B24:$AF24,$AH$5) | AI24: =COUNTIF($B24:$AF24,$AI$5) | AJ24: =COUNTIF($B24:$AF24,$AJ$5) | AK24: =COUNTIF($B24:$AF24,$AK$5) | AL24: =COUNTIF($B24:$AF24,$AL$5) | AM24: =COUNTIF($B24:$AF24,$AM$5) | AN24: =COUNTIF($B24:$AF24,$AN$5)
AG25: =COUNTIF($B25:$AF25,$AG$5) | AH25: =COUNTIF($B25:$AF25,$AH$5) | AI25: =COUNTIF($B25:$AF25,$AI$5) | AJ25: =COUNTIF($B25:$AF25,$AJ$5) | AK25: =COUNTIF($B25:$AF25,$AK$5) | AL25: =COUNTIF($B25:$AF25,$AL$5) | AM25: =COUNTIF($B25:$AF25,$AM$5) | AN25: =COUNTIF($B25:$AF25,$AN$5)
A26: =Jan!A26 | AG26: =COUNTIF($B26:$AF26,$AG$5) | AH26: =COUNTIF($B26:$AF26,$AH$5) | AI26: =COUNTIF($B26:$AF26,$AI$5) | AJ26: =COUNTIF($B26:$AF26,$AJ$5) | AK26: =COUNTIF($B26:$AF26,$AK$5) | AL26: =COUNTIF($B26:$AF26,$AL$5) | AM26: =COUNTIF($B26:$AF26,$AM$5) | AN26: =COUNTIF($B26:$AF26,$AN$5)
AG27: =COUNTIF($B27:$AF27,$AG$5) | AH27: =COUNTIF($B27:$AF27,$AH$5) | AI27: =COUNTIF($B27:$AF27,$AI$5) | AJ27: =COUNTIF($B27:$AF27,$AJ$5) | AK27: =COUNTIF($B27:$AF27,$AK$5) | AL27: =COUNTIF($B27:$AF27,$AL$5) | AM27: =COUNTIF($B27:$AF27,$AM$5) | AN27: =COUNTIF($B27:$AF27,$AN$5)
A28: =Jan!A28 | AG28: =COUNTIF($B28:$AF28,$AG$5) | AH28: =COUNTIF($B28:$AF28,$AH$5) | AI28: =COUNTIF($B28:$AF28,$AI$5) | AJ28: =COUNTIF($B28:$AF28,$AJ$5) | AK28: =COUNTIF($B28:$AF28,$AK$5) | AL28: =COUNTIF($B28:$AF28,$AL$5) | AM28: =COUNTIF($B28:$AF28,$AM$5) | AN28: =COUNTIF($B28:$AF28,$AN$5)
AG29: =COUNTIF($B29:$AF29,$AG$5) | AH29: =COUNTIF($B29:$AF29,$AH$5) | AI29: =COUNTIF($B29:$AF29,$AI$5) | AJ29: =COUNTIF($B29:$AF29,$AJ$5) | AK29: =COUNTIF($B29:$AF29,$AK$5) | AL29: =COUNTIF($B29:$AF29,$AL$5) | AM29: =COUNTIF($B29:$AF29,$AM$5) | AN29: =COUNTIF($B29:$AF29,$AN$5)
A30: =Jan!A30 | AG30: =COUNTIF($B30:$AF30,$AG$5) | AH30: =COUNTIF($B30:$AF30,$AH$5) | AI30: =COUNTIF($B30:$AF30,$AI$5) | AJ30: =COUNTIF($B30:$AF30,$AJ$5) | AK30: =COUNTIF($B30:$AF30,$AK$5) | AL30: =COUNTIF($B30:$AF30,$AL$5) | AM30: =COUNTIF($B30:$AF30,$AM$5) | AN30: =COUNTIF($B30:$AF30,$AN$5)
AG31: =COUNTIF($B31:$AF31,$AG$5) | AH31: =COUNTIF($B31:$AF31,$AH$5) | AI31: =COUNTIF($B31:$AF31,$AI$5) | AJ31: =COUNTIF($B31:$AF31,$AJ$5) | AK31: =COUNTIF($B31:$AF31,$AK$5) | AL31: =COUNTIF($B31:$AF31,$AL$5) | AM31: =COUNTIF($B31:$AF31,$AM$5) | AN31: =COUNTIF($B31:$AF31,$AN$5)
A32: =Jan!A32 | AG32: =COUNTIF($B32:$AF32,$AG$5) | AH32: =COUNTIF($B32:$AF32,$AH$5) | AI32: =COUNTIF($B32:$AF32,$AI$5) | AJ32: =COUNTIF($B32:$AF32,$AJ$5) | AK32: =COUNTIF($B32:$AF32,$AK$5) | AL32: =COUNTIF($B32:$AF32,$AL$5) | AM32: =COUNTIF($B32:$AF32,$AM$5) | AN32: =COUNTIF($B32:$AF32,$AN$5)
AG33: =COUNTIF($B33:$AF33,$AG$5) | AH33: =COUNTIF($B33:$AF33,$AH$5) | AI33: =COUNTIF($B33:$AF33,$AI$5) | AJ33: =COUNTIF($B33:$AF33,$AJ$5) | AK33: =COUNTIF($B33:$AF33,$AK$5) | AL33: =COUNTIF($B33:$AF33,$AL$5) | AM33: =COUNTIF($B33:$AF33,$AM$5) | AN33: =COUNTIF($B33:$AF33,$AN$5)
A34: =Jan!A34 | AG34: =COUNTIF($B34:$AF34,$AG$5) | AH34: =COUNTIF($B34:$AF34,$AH$5) | AI34: =COUNTIF($B34:$AF34,$AI$5) | AJ34: =COUNTIF($B34:$AF34,$AJ$5) | AK34: =COUNTIF($B34:$AF34,$AK$5) | AL34: =COUNTIF($B34:$AF34,$AL$5) | AM34: =COUNTIF($B34:$AF34,$AM$5) | AN34: =COUNTIF($B34:$AF34,$AN$5)
AG35: =COUNTIF($B35:$AF35,$AG$5) | AH35: =COUNTIF($B35:$AF35,$AH$5) | AI35: =COUNTIF($B35:$AF35,$AI$5) | AJ35: =COUNTIF($B35:$AF35,$AJ$5) | AK35: =COUNTIF($B35:$AF35,$AK$5) | AL35: =COUNTIF($B35:$AF35,$AL$5) | AM35: =COUNTIF($B35:$AF35,$AM$5) | AN35: =COUNTIF($B35:$AF35,$AN$5)
A36: =Jan!A36 | AG36: =COUNTIF($B36:$AF36,$AG$5) | AH36: =COUNTIF($B36:$AF36,$AH$5) | AI36: =COUNTIF($B36:$AF36,$AI$5) | AJ36: =COUNTIF($B36:$AF36,$AJ$5) | AK36: =COUNTIF($B36:$AF36,$AK$5) | AL36: =COUNTIF($B36:$AF36,$AL$5) | AM36: =COUNTIF($B36:$AF36,$AM$5) | AN36: =COUNTIF($B36:$AF36,$AN$5)
AG37: =COUNTIF($B37:$AF37,$AG$5) | AH37: =COUNTIF($B37:$AF37,$AH$5) | AI37: =COUNTIF($B37:$AF37,$AI$5) | AJ37: =COUNTIF($B37:$AF37,$AJ$5) | AK37: =COUNTIF($B37:$AF37,$AK$5) | AL37: =COUNTIF($B37:$AF37,$AL$5) | AM37: =COUNTIF($B37:$AF37,$AM$5) | AN37: =COUNTIF($B37:$AF37,$AN$5)
A38: =Jan!A38 | AG38: =COUNTIF($B38:$AF38,$AG$5) | AH38: =COUNTIF($B38:$AF38,$AH$5) | AI38: =COUNTIF($B38:$AF38,$AI$5) | AJ38: =COUNTIF($B38:$AF38,$AJ$5) | AK38: =COUNTIF($B38:$AF38,$AK$5) | AL38: =COUNTIF($B38:$AF38,$AL$5) | AM38: =COUNTIF($B38:$AF38,$AM$5) | AN38: =COUNTIF($B38:$AF38,$AN$5)
AG39: =COUNTIF($B39:$AF39,$AG$5) | AH39: =COUNTIF($B39:$AF39,$AH$5) | AI39: =COUNTIF($B39:$AF39,$AI$5) | AJ39: =COUNTIF($B39:$AF39,$AJ$5) | AK39: =COUNTIF($B39:$AF39,$AK$5) | AL39: =COUNTIF($B39:$AF39,$AL$5) | AM39: =COUNTIF($B39:$AF39,$AM$5) | AN39: =COUNTIF($B39:$AF39,$AN$5)
A40: =Jan!A40 | AG40: =COUNTIF($B40:$AF40,$AG$5) | AH40: =COUNTIF($B40:$AF40,$AH$5) | AI40: =COUNTIF($B40:$AF40,$AI$5) | AJ40: =COUNTIF($B40:$AF40,$AJ$5) | AK40: =COUNTIF($B40:$AF40,$AK$5) | AL40: =COUNTIF($B40:$AF40,$AL$5) | AM40: =COUNTIF($B40:$AF40,$AM$5) | AN40: =COUNTIF($B40:$AF40,$AN$5)
AG41: =COUNTIF($B41:$AF41,$AG$5) | AH41: =COUNTIF($B41:$AF41,$AH$5) | AI41: =COUNTIF($B41:$AF41,$AI$5) | AJ41: =COUNTIF($B41:$AF41,$AJ$5) | AK41: =COUNTIF($B41:$AF41,$AK$5) | AL41: =COUNTIF($B41:$AF41,$AL$5) | AM41: =COUNTIF($B41:$AF41,$AM$5) | AN41: =COUNTIF($B41:$AF41,$AN$5)
A42: =Jan!A42 | AG42: =COUNTIF($B42:$AF42,$AG$5) | AH42: =COUNTIF($B42:$AF42,$AH$5) | AI42: =COUNTIF($B42:$AF42,$AI$5) | AJ42: =COUNTIF($B42:$AF42,$AJ$5) | AK42: =COUNTIF($B42:$AF42,$AK$5) | AL42: =COUNTIF($B42:$AF42,$AL$5) | AM42: =COUNTIF($B42:$AF42,$AM$5) | AN42: =COUNTIF($B42:$AF42,$AN$5)
AG43: =COUNTIF($B43:$AF43,$AG$5) | AH43: =COUNTIF($B43:$AF43,$AH$5) | AI43: =COUNTIF($B43:$AF43,$AI$5) | AJ43: =COUNTIF($B43:$AF43,$AJ$5) | AK43: =COUNTIF($B43:$AF43,$AK$5) | AL43: =COUNTIF($B43:$AF43,$AL$5) | AM43: =COUNTIF($B43:$AF43,$AM$5) | AN43: =COUNTIF($B43:$AF43,$AN$5)
A44: =Jan!A44 | AG44: =COUNTIF($B44:$AF44,$AG$5) | AH44: =COUNTIF($B44:$AF44,$AH$5) | AI44: =COUNTIF($B44:$AF44,$AI$5) | AJ44: =COUNTIF($B44:$AF44,$AJ$5) | AK44: =COUNTIF($B44:$AF44,$AK$5) | AL44: =COUNTIF($B44:$AF44,$AL$5) | AM44: =COUNTIF($B44:$AF44,$AM$5) | AN44: =COUNTIF($B44:$AF44,$AN$5)
AG45: =COUNTIF($B45:$AF45,$AG$5) | AH45: =COUNTIF($B45:$AF45,$AH$5) | AI45: =COUNTIF($B45:$AF45,$AI$5) | AJ45: =COUNTIF($B45:$AF45,$AJ$5) | AK45: =COUNTIF($B45:$AF45,$AK$5) | AL45: =COUNTIF($B45:$AF45,$AL$5) | AM45: =COUNTIF($B45:$AF45,$AM$5) | AN45: =COUNTIF($B45:$AF45,$AN$5)
A46: =Jan!A46 | AG46: =COUNTIF($B46:$AF46,$AG$5) | AH46: =COUNTIF($B46:$AF46,$AH$5) | AI46: =COUNTIF($B46:$AF46,$AI$5) | AJ46: =COUNTIF($B46:$AF46,$AJ$5) | AK46: =COUNTIF($B46:$AF46,$AK$5) | AL46: =COUNTIF($B46:$AF46,$AL$5) | AM46: =COUNTIF($B46:$AF46,$AM$5) | AN46: =COUNTIF($B46:$AF46,$AN$5)
AG47: =COUNTIF($B47:$AF47,$AG$5) | AH47: =COUNTIF($B47:$AF47,$AH$5) | AI47: =COUNTIF($B47:$AF47,$AI$5) | AJ47: =COUNTIF($B47:$AF47,$AJ$5) | AK47: =COUNTIF($B47:$AF47,$AK$5) | AL47: =COUNTIF($B47:$AF47,$AL$5) | AM47: =COUNTIF($B47:$AF47,$AM$5) | AN47: =COUNTIF($B47:$AF47,$AN$5)
A48: =Jan!A48 | AG48: =COUNTIF($B48:$AF48,$AG$5) | AH48: =COUNTIF($B48:$AF48,$AH$5) | AI48: =COUNTIF($B48:$AF48,$AI$5) | AJ48: =COUNTIF($B48:$AF48,$AJ$5) | AK48: =COUNTIF($B48:$AF48,$AK$5) | AL48: =COUNTIF($B48:$AF48,$AL$5) | AM48: =COUNTIF($B48:$AF48,$AM$5) | AN48: =COUNTIF($B48:$AF48,$AN$5)
AG49: =COUNTIF($B49:$AF49,$AG$5) | AH49: =COUNTIF($B49:$AF49,$AH$5) | AI49: =COUNTIF($B49:$AF49,$AI$5) | AJ49: =COUNTIF($B49:$AF49,$AJ$5) | AK49: =COUNTIF($B49:$AF49,$AK$5) | AL49: =COUNTIF($B49:$AF49,$AL$5) | AM49: =COUNTIF($B49:$AF49,$AM$5) | AN49: =COUNTIF($B49:$AF49,$AN$5)

Sheet Aug
A1: PREASONT REPORT IN THE MONTH OF AUG 2015
A3: A - ABSENT | B3: L - LEAVE | F3: WO - WEEKLY OFF | K3: PH - PUBLIC HOLIDAY | P3: CO - COMP. OFF | U3: ML - MEDICAL. LEAVE | AA3: ODK - WORK AT KARAI
B4: CALENDER DATES
A5: NAME | B5: 1 | C5: 2 | D5: 3 | E5: 4 | F5: 5 | G5: 6 | H5: 7 | I5: 8 | J5: 9 | K5: 10 | L5: 11 | M5: 12 | N5: 13 | O5: 14 | P5: 15 | Q5: 16 | R5: 17 | S5: 18 | T5: 19 | U5: 20 | V5: 21 | W5: 22 | X5: 23 | Y5: 24 | Z5: 25 | AA5: 26 | AB5: 27 | AC5: 28 | AD5: 29 | AE5: 30 | AF5: 31 | AG5: P | AH5: ODK | AI5: A | AJ5: L | AK5: WO | AL5: PH | AM5: CO | AN5: ML | AO5: REMARKS
A6: =Jan!A6 | AG6: =COUNTIF($B6:$AF6,$AG$5) | AH6: =COUNTIF($B6:$AF6,$AH$5) | AI6: =COUNTIF($B6:$AF6,$AI$5) | AJ6: =COUNTIF($B6:$AF6,$AJ$5) | AK6: =COUNTIF($B6:$AF6,$AK$5) | AL6: =COUNTIF($B6:$AF6,$AL$5) | AM6: =COUNTIF($B6:$AF6,$AM$5) | AN6: =COUNTIF($B6:$AF6,$AN$5) | AO6: 1 COM-OFF
AG7: =COUNTIF($B7:$AF7,$AG$5) | AH7: =COUNTIF($B7:$AF7,$AH$5) | AI7: =COUNTIF($B7:$AF7,$AI$5) | AJ7: =COUNTIF($B7:$AF7,$AJ$5) | AK7: =COUNTIF($B7:$AF7,$AK$5) | AL7: =COUNTIF($B7:$AF7,$AL$5) | AM7: =COUNTIF($B7:$AF7,$AM$5) | AN7: =COUNTIF($B7:$AF7,$AN$5)
A8: =Jan!A8 | AG8: =COUNTIF($B8:$AF8,$AG$5) | AH8: =COUNTIF($B8:$AF8,$AH$5) | AI8: =COUNTIF($B8:$AF8,$AI$5) | AJ8: =COUNTIF($B8:$AF8,$AJ$5) | AK8: =COUNTIF($B8:$AF8,$AK$5) | AL8: =COUNTIF($B8:$AF8,$AL$5) | AM8: =COUNTIF($B8:$AF8,$AM$5) | AN8: =COUNTIF($B8:$AF8,$AN$5)
AG9: =COUNTIF($B9:$AF9,$AG$5) | AH9: =COUNTIF($B9:$AF9,$AH$5) | AI9: =COUNTIF($B9:$AF9,$AI$5) | AJ9: =COUNTIF($B9:$AF9,$AJ$5) | AK9: =COUNTIF($B9:$AF9,$AK$5) | AL9: =COUNTIF($B9:$AF9,$AL$5) | AM9: =COUNTIF($B9:$AF9,$AM$5) | AN9: =COUNTIF($B9:$AF9,$AN$5)
A10: =Jan!A10 | AG10: =COUNTIF($B10:$AF10,$AG$5) | AH10: =COUNTIF($B10:$AF10,$AH$5) | AI10: =COUNTIF($B10:$AF10,$AI$5) | AJ10: =COUNTIF($B10:$AF10,$AJ$5) | AK10: =COUNTIF($B10:$AF10,$AK$5) | AL10: =COUNTIF($B10:$AF10,$AL$5) | AM10: =COUNTIF($B10:$AF10,$AM$5) | AN10: =COUNTIF($B10:$AF10,$AN$5)
AG11: =COUNTIF($B11:$AF11,$AG$5) | AH11: =COUNTIF($B11:$AF11,$AH$5) | AI11: =COUNTIF($B11:$AF11,$AI$5) | AJ11: =COUNTIF($B11:$AF11,$AJ$5) | AK11: =COUNTIF($B11:$AF11,$AK$5) | AL11: =COUNTIF($B11:$AF11,$AL$5) | AM11: =COUNTIF($B11:$AF11,$AM$5) | AN11: =COUNTIF($B11:$AF11,$AN$5)
A12: =Jan!A12 | AG12: =COUNTIF($B12:$AF12,$AG$5) | AH12: =COUNTIF($B12:$AF12,$AH$5) | AI12: =COUNTIF($B12:$AF12,$AI$5) | AJ12: =COUNTIF($B12:$AF12,$AJ$5) | AK12: =COUNTIF($B12:$AF12,$AK$5) | AL12: =COUNTIF($B12:$AF12,$AL$5) | AM12: =COUNTIF($B12:$AF12,$AM$5) | AN12: =COUNTIF($B12:$AF12,$AN$5)
AG13: =COUNTIF($B13:$AF13,$AG$5) | AH13: =COUNTIF($B13:$AF13,$AH$5) | AI13: =COUNTIF($B13:$AF13,$AI$5) | AJ13: =COUNTIF($B13:$AF13,$AJ$5) | AK13: =COUNTIF($B13:$AF13,$AK$5) | AL13: =COUNTIF($B13:$AF13,$AL$5) | AM13: =COUNTIF($B13:$AF13,$AM$5) | AN13: =COUNTIF($B13:$AF13,$AN$5)
A14: =Jan!A14 | AG14: =COUNTIF($B14:$AF14,$AG$5) | AH14: =COUNTIF($B14:$AF14,$AH$5) | AI14: =COUNTIF($B14:$AF14,$AI$5) | AJ14: =COUNTIF($B14:$AF14,$AJ$5) | AK14: =COUNTIF($B14:$AF14,$AK$5) | AL14: =COUNTIF($B14:$AF14,$AL$5) | AM14: =COUNTIF($B14:$AF14,$AM$5) | AN14: =COUNTIF($B14:$AF14,$AN$5)
AG15: =COUNTIF($B15:$AF15,$AG$5) | AH15: =COUNTIF($B15:$AF15,$AH$5) | AI15: =COUNTIF($B15:$AF15,$AI$5) | AJ15: =COUNTIF($B15:$AF15,$AJ$5) | AK15: =COUNTIF($B15:$AF15,$AK$5) | AL15: =COUNTIF($B15:$AF15,$AL$5) | AM15: =COUNTIF($B15:$AF15,$AM$5) | AN15: =COUNTIF($B15:$AF15,$AN$5)
A16: =Jan!A16 | AG16: =COUNTIF($B16:$AF16,$AG$5) | AH16: =COUNTIF($B16:$AF16,$AH$5) | AI16: =COUNTIF($B16:$AF16,$AI$5) | AJ16: =COUNTIF($B16:$AF16,$AJ$5) | AK16: =COUNTIF($B16:$AF16,$AK$5) | AL16: =COUNTIF($B16:$AF16,$AL$5) | AM16: =COUNTIF($B16:$AF16,$AM$5) | AN16: =COUNTIF($B16:$AF16,$AN$5)
AG17: =COUNTIF($B17:$AF17,$AG$5) | AH17: =COUNTIF($B17:$AF17,$AH$5) | AI17: =COUNTIF($B17:$AF17,$AI$5) | AJ17: =COUNTIF($B17:$AF17,$AJ$5) | AK17: =COUNTIF($B17:$AF17,$AK$5) | AL17: =COUNTIF($B17:$AF17,$AL$5) | AM17: =COUNTIF($B17:$AF17,$AM$5) | AN17: =COUNTIF($B17:$AF17,$AN$5)
A18: =Jan!A18 | AG18: =COUNTIF($B18:$AF18,$AG$5) | AH18: =COUNTIF($B18:$AF18,$AH$5) | AI18: =COUNTIF($B18:$AF18,$AI$5) | AJ18: =COUNTIF($B18:$AF18,$AJ$5) | AK18: =COUNTIF($B18:$AF18,$AK$5) | AL18: =COUNTIF($B18:$AF18,$AL$5) | AM18: =COUNTIF($B18:$AF18,$AM$5) | AN18: =COUNTIF($B18:$AF18,$AN$5)
AG19: =COUNTIF($B19:$AF19,$AG$5) | AH19: =COUNTIF($B19:$AF19,$AH$5) | AI19: =COUNTIF($B19:$AF19,$AI$5) | AJ19: =COUNTIF($B19:$AF19,$AJ$5) | AK19: =COUNTIF($B19:$AF19,$AK$5) | AL19: =COUNTIF($B19:$AF19,$AL$5) | AM19: =COUNTIF($B19:$AF19,$AM$5) | AN19: =COUNTIF($B19:$AF19,$AN$5)
A20: =Jan!A20 | AG20: =COUNTIF($B20:$AF20,$AG$5) | AH20: =COUNTIF($B20:$AF20,$AH$5) | AI20: =COUNTIF($B20:$AF20,$AI$5) | AJ20: =COUNTIF($B20:$AF20,$AJ$5) | AK20: =COUNTIF($B20:$AF20,$AK$5) | AL20: =COUNTIF($B20:$AF20,$AL$5) | AM20: =COUNTIF($B20:$AF20,$AM$5) | AN20: =COUNTIF($B20:$AF20,$AN$5)
AG21: =COUNTIF($B21:$AF21,$AG$5) | AH21: =COUNTIF($B21:$AF21,$AH$5) | AI21: =COUNTIF($B21:$AF21,$AI$5) | AJ21: =COUNTIF($B21:$AF21,$AJ$5) | AK21: =COUNTIF($B21:$AF21,$AK$5) | AL21: =COUNTIF($B21:$AF21,$AL$5) | AM21: =COUNTIF($B21:$AF21,$AM$5) | AN21: =COUNTIF($B21:$AF21,$AN$5)
A22: =Jan!A22 | AG22: =COUNTIF($B22:$AF22,$AG$5) | AH22: =COUNTIF($B22:$AF22,$AH$5) | AI22: =COUNTIF($B22:$AF22,$AI$5) | AJ22: =COUNTIF($B22:$AF22,$AJ$5) | AK22: =COUNTIF($B22:$AF22,$AK$5) | AL22: =COUNTIF($B22:$AF22,$AL$5) | AM22: =COUNTIF($B22:$AF22,$AM$5) | AN22: =COUNTIF($B22:$AF22,$AN$5)
AG23: =COUNTIF($B23:$AF23,$AG$5) | AH23: =COUNTIF($B23:$AF23,$AH$5) | AI23: =COUNTIF($B23:$AF23,$AI$5) | AJ23: =COUNTIF($B23:$AF23,$AJ$5) | AK23: =COUNTIF($B23:$AF23,$AK$5) | AL23: =COUNTIF($B23:$AF23,$AL$5) | AM23: =COUNTIF($B23:$AF23,$AM$5) | AN23: =COUNTIF($B23:$AF23,$AN$5)
A24: =Jan!A24 | AG24: =COUNTIF($B24:$AF24,$AG$5) | AH24: =COUNTIF($B24:$AF24,$AH$5) | AI24: =COUNTIF($B24:$AF24,$AI$5) | AJ24: =COUNTIF($B24:$AF24,$AJ$5) | AK24: =COUNTIF($B24:$AF24,$AK$5) | AL24: =COUNTIF($B24:$AF24,$AL$5) | AM24: =COUNTIF($B24:$AF24,$AM$5) | AN24: =COUNTIF($B24:$AF24,$AN$5)
AG25: =COUNTIF($B25:$AF25,$AG$5) | AH25: =COUNTIF($B25:$AF25,$AH$5) | AI25: =COUNTIF($B25:$AF25,$AI$5) | AJ25: =COUNTIF($B25:$AF25,$AJ$5) | AK25: =COUNTIF($B25:$AF25,$AK$5) | AL25: =COUNTIF($B25:$AF25,$AL$5) | AM25: =COUNTIF($B25:$AF25,$AM$5) | AN25: =COUNTIF($B25:$AF25,$AN$5)
A26: =Jan!A26 | AG26: =COUNTIF($B26:$AF26,$AG$5) | AH26: =COUNTIF($B26:$AF26,$AH$5) | AI26: =COUNTIF($B26:$AF26,$AI$5) | AJ26: =COUNTIF($B26:$AF26,$AJ$5) | AK26: =COUNTIF($B26:$AF26,$AK$5) | AL26: =COUNTIF($B26:$AF26,$AL$5) | AM26: =COUNTIF($B26:$AF26,$AM$5) | AN26: =COUNTIF($B26:$AF26,$AN$5)
AG27: =COUNTIF($B27:$AF27,$AG$5) | AH27: =COUNTIF($B27:$AF27,$AH$5) | AI27: =COUNTIF($B27:$AF27,$AI$5) | AJ27: =COUNTIF($B27:$AF27,$AJ$5) | AK27: =COUNTIF($B27:$AF27,$AK$5) | AL27: =COUNTIF($B27:$AF27,$AL$5) | AM27: =COUNTIF($B27:$AF27,$AM$5) | AN27: =COUNTIF($B27:$AF27,$AN$5)
A28: =Jan!A28 | AG28: =COUNTIF($B28:$AF28,$AG$5) | AH28: =COUNTIF($B28:$AF28,$AH$5) | AI28: =COUNTIF($B28:$AF28,$AI$5) | AJ28: =COUNTIF($B28:$AF28,$AJ$5) | AK28: =COUNTIF($B28:$AF28,$AK$5) | AL28: =COUNTIF($B28:$AF28,$AL$5) | AM28: =COUNTIF($B28:$AF28,$AM$5) | AN28: =COUNTIF($B28:$AF28,$AN$5)
AG29: =COUNTIF($B29:$AF29,$AG$5) | AH29: =COUNTIF($B29:$AF29,$AH$5) | AI29: =COUNTIF($B29:$AF29,$AI$5) | AJ29: =COUNTIF($B29:$AF29,$AJ$5) | AK29: =COUNTIF($B29:$AF29,$AK$5) | AL29: =COUNTIF($B29:$AF29,$AL$5) | AM29: =COUNTIF($B29:$AF29,$AM$5) | AN29: =COUNTIF($B29:$AF29,$AN$5)
A30: =Jan!A30 | AG30: =COUNTIF($B30:$AF30,$AG$5) | AH30: =COUNTIF($B30:$AF30,$AH$5) | AI30: =COUNTIF($B30:$AF30,$AI$5) | AJ30: =COUNTIF($B30:$AF30,$AJ$5) | AK30: =COUNTIF($B30:$AF30,$AK$5) | AL30: =COUNTIF($B30:$AF30,$AL$5) | AM30: =COUNTIF($B30:$AF30,$AM$5) | AN30: =COUNTIF($B30:$AF30,$AN$5)
AG31: =COUNTIF($B31:$AF31,$AG$5) | AH31: =COUNTIF($B31:$AF31,$AH$5) | AI31: =COUNTIF($B31:$AF31,$AI$5) | AJ31: =COUNTIF($B31:$AF31,$AJ$5) | AK31: =COUNTIF($B31:$AF31,$AK$5) | AL31: =COUNTIF($B31:$AF31,$AL$5) | AM31: =COUNTIF($B31:$AF31,$AM$5) | AN31: =COUNTIF($B31:$AF31,$AN$5)
A32: =Jan!A32 | AG32: =COUNTIF($B32:$AF32,$AG$5) | AH32: =COUNTIF($B32:$AF32,$AH$5) | AI32: =COUNTIF($B32:$AF32,$AI$5) | AJ32: =COUNTIF($B32:$AF32,$AJ$5) | AK32: =COUNTIF($B32:$AF32,$AK$5) | AL32: =COUNTIF($B32:$AF32,$AL$5) | AM32: =COUNTIF($B32:$AF32,$AM$5) | AN32: =COUNTIF($B32:$AF32,$AN$5)
AG33: =COUNTIF($B33:$AF33,$AG$5) | AH33: =COUNTIF($B33:$AF33,$AH$5) | AI33: =COUNTIF($B33:$AF33,$AI$5) | AJ33: =COUNTIF($B33:$AF33,$AJ$5) | AK33: =COUNTIF($B33:$AF33,$AK$5) | AL33: =COUNTIF($B33:$AF33,$AL$5) | AM33: =COUNTIF($B33:$AF33,$AM$5) | AN33: =COUNTIF($B33:$AF33,$AN$5)
A34: =Jan!A34 | AG34: =COUNTIF($B34:$AF34,$AG$5) | AH34: =COUNTIF($B34:$AF34,$AH$5) | AI34: =COUNTIF($B34:$AF34,$AI$5) | AJ34: =COUNTIF($B34:$AF34,$AJ$5) | AK34: =COUNTIF($B34:$AF34,$AK$5) | AL34: =COUNTIF($B34:$AF34,$AL$5) | AM34: =COUNTIF($B34:$AF34,$AM$5) | AN34: =COUNTIF($B34:$AF34,$AN$5)
AG35: =COUNTIF($B35:$AF35,$AG$5) | AH35: =COUNTIF($B35:$AF35,$AH$5) | AI35: =COUNTIF($B35:$AF35,$AI$5) | AJ35: =COUNTIF($B35:$AF35,$AJ$5) | AK35: =COUNTIF($B35:$AF35,$AK$5) | AL35: =COUNTIF($B35:$AF35,$AL$5) | AM35: =COUNTIF($B35:$AF35,$AM$5) | AN35: =COUNTIF($B35:$AF35,$AN$5)
A36: =Jan!A36 | AG36: =COUNTIF($B36:$AF36,$AG$5) | AH36: =COUNTIF($B36:$AF36,$AH$5) | AI36: =COUNTIF($B36:$AF36,$AI$5) | AJ36: =COUNTIF($B36:$AF36,$AJ$5) | AK36: =COUNTIF($B36:$AF36,$AK$5) | AL36: =COUNTIF($B36:$AF36,$AL$5) | AM36: =COUNTIF($B36:$AF36,$AM$5) | AN36: =COUNTIF($B36:$AF36,$AN$5)
AG37: =COUNTIF($B37:$AF37,$AG$5) | AH37: =COUNTIF($B37:$AF37,$AH$5) | AI37: =COUNTIF($B37:$AF37,$AI$5) | AJ37: =COUNTIF($B37:$AF37,$AJ$5) | AK37: =COUNTIF($B37:$AF37,$AK$5) | AL37: =COUNTIF($B37:$AF37,$AL$5) | AM37: =COUNTIF($B37:$AF37,$AM$5) | AN37: =COUNTIF($B37:$AF37,$AN$5)
A38: =Jan!A38 | AG38: =COUNTIF($B38:$AF38,$AG$5) | AH38: =COUNTIF($B38:$AF38,$AH$5) | AI38: =COUNTIF($B38:$AF38,$AI$5) | AJ38: =COUNTIF($B38:$AF38,$AJ$5) | AK38: =COUNTIF($B38:$AF38,$AK$5) | AL38: =COUNTIF($B38:$AF38,$AL$5) | AM38: =COUNTIF($B38:$AF38,$AM$5) | AN38: =COUNTIF($B38:$AF38,$AN$5)
AG39: =COUNTIF($B39:$AF39,$AG$5) | AH39: =COUNTIF($B39:$AF39,$AH$5) | AI39: =COUNTIF($B39:$AF39,$AI$5) | AJ39: =COUNTIF($B39:$AF39,$AJ$5) | AK39: =COUNTIF($B39:$AF39,$AK$5) | AL39: =COUNTIF($B39:$AF39,$AL$5) | AM39: =COUNTIF($B39:$AF39,$AM$5) | AN39: =COUNTIF($B39:$AF39,$AN$5)
A40: =Jan!A40 | AG40: =COUNTIF($B40:$AF40,$AG$5) | AH40: =COUNTIF($B40:$AF40,$AH$5) | AI40: =COUNTIF($B40:$AF40,$AI$5) | AJ40: =COUNTIF($B40:$AF40,$AJ$5) | AK40: =COUNTIF($B40:$AF40,$AK$5) | AL40: =COUNTIF($B40:$AF40,$AL$5) | AM40: =COUNTIF($B40:$AF40,$AM$5) | AN40: =COUNTIF($B40:$AF40,$AN$5)
AG41: =COUNTIF($B41:$AF41,$AG$5) | AH41: =COUNTIF($B41:$AF41,$AH$5) | AI41: =COUNTIF($B41:$AF41,$AI$5) | AJ41: =COUNTIF($B41:$AF41,$AJ$5) | AK41: =COUNTIF($B41:$AF41,$AK$5) | AL41: =COUNTIF($B41:$AF41,$AL$5) | AM41: =COUNTIF($B41:$AF41,$AM$5) | AN41: =COUNTIF($B41:$AF41,$AN$5)
A42: =Jan!A42 | AG42: =COUNTIF($B42:$AF42,$AG$5) | AH42: =COUNTIF($B42:$AF42,$AH$5) | AI42: =COUNTIF($B42:$AF42,$AI$5) | AJ42: =COUNTIF($B42:$AF42,$AJ$5) | AK42: =COUNTIF($B42:$AF42,$AK$5) | AL42: =COUNTIF($B42:$AF42,$AL$5) | AM42: =COUNTIF($B42:$AF42,$AM$5) | AN42: =COUNTIF($B42:$AF42,$AN$5)
AG43: =COUNTIF($B43:$AF43,$AG$5) | AH43: =COUNTIF($B43:$AF43,$AH$5) | AI43: =COUNTIF($B43:$AF43,$AI$5) | AJ43: =COUNTIF($B43:$AF43,$AJ$5) | AK43: =COUNTIF($B43:$AF43,$AK$5) | AL43: =COUNTIF($B43:$AF43,$AL$5) | AM43: =COUNTIF($B43:$AF43,$AM$5) | AN43: =COUNTIF($B43:$AF43,$AN$5)
A44: =Jan!A44 | AG44: =COUNTIF($B44:$AF44,$AG$5) | AH44: =COUNTIF($B44:$AF44,$AH$5) | AI44: =COUNTIF($B44:$AF44,$AI$5) | AJ44: =COUNTIF($B44:$AF44,$AJ$5) | AK44: =COUNTIF($B44:$AF44,$AK$5) | AL44: =COUNTIF($B44:$AF44,$AL$5) | AM44: =COUNTIF($B44:$AF44,$AM$5) | AN44: =COUNTIF($B44:$AF44,$AN$5)
AG45: =COUNTIF($B45:$AF45,$AG$5) | AH45: =COUNTIF($B45:$AF45,$AH$5) | AI45: =COUNTIF($B45:$AF45,$AI$5) | AJ45: =COUNTIF($B45:$AF45,$AJ$5) | AK45: =COUNTIF($B45:$AF45,$AK$5) | AL45: =COUNTIF($B45:$AF45,$AL$5) | AM45: =COUNTIF($B45:$AF45,$AM$5) | AN45: =COUNTIF($B45:$AF45,$AN$5)
A46: =Jan!A46 | AG46: =COUNTIF($B46:$AF46,$AG$5) | AH46: =COUNTIF($B46:$AF46,$AH$5) | AI46: =COUNTIF($B46:$AF46,$AI$5) | AJ46: =COUNTIF($B46:$AF46,$AJ$5) | AK46: =COUNTIF($B46:$AF46,$AK$5) | AL46: =COUNTIF($B46:$AF46,$AL$5) | AM46: =COUNTIF($B46:$AF46,$AM$5) | AN46: =COUNTIF($B46:$AF46,$AN$5)
AG47: =COUNTIF($B47:$AF47,$AG$5) | AH47: =COUNTIF($B47:$AF47,$AH$5) | AI47: =COUNTIF($B47:$AF47,$AI$5) | AJ47: =COUNTIF($B47:$AF47,$AJ$5) | AK47: =COUNTIF($B47:$AF47,$AK$5) | AL47: =COUNTIF($B47:$AF47,$AL$5) | AM47: =COUNTIF($B47:$AF47,$AM$5) | AN47: =COUNTIF($B47:$AF47,$AN$5)
A48: =Jan!A48 | AG48: =COUNTIF($B48:$AF48,$AG$5) | AH48: =COUNTIF($B48:$AF48,$AH$5) | AI48: =COUNTIF($B48:$AF48,$AI$5) | AJ48: =COUNTIF($B48:$AF48,$AJ$5) | AK48: =COUNTIF($B48:$AF48,$AK$5) | AL48: =COUNTIF($B48:$AF48,$AL$5) | AM48: =COUNTIF($B48:$AF48,$AM$5) | AN48: =COUNTIF($B48:$AF48,$AN$5)
AG49: =COUNTIF($B49:$AF49,$AG$5) | AH49: =COUNTIF($B49:$AF49,$AH$5) | AI49: =COUNTIF($B49:$AF49,$AI$5) | AJ49: =COUNTIF($B49:$AF49,$AJ$5) | AK49: =COUNTIF($B49:$AF49,$AK$5) | AL49: =COUNTIF($B49:$AF49,$AL$5) | AM49: =COUNTIF($B49:$AF49,$AM$5) | AN49: =COUNTIF($B49:$AF49,$AN$5)

Sheet Sep
A1: PREASONT REPORT IN THE MONTH OF SEP 2015
A3: A - ABSENT | B3: L - LEAVE | F3: WO - WEEKLY OFF | K3: PH - PUBLIC HOLIDAY | P3: CO - COMP. OFF | U3: ML - MEDICAL. LEAVE | AA3: ODK - WORK AT KARAI
B4: CALENDER DATES
A5: NAME | B5: 1 | C5: 2 | D5: 3 | E5: 4 | F5: 5 | G5: 6 | H5: 7 | I5: 8 | J5: 9 | K5: 10 | L5: 11 | M5: 12 | N5: 13 | O5: 14 | P5: 15 | Q5: 16 | R5: 17 | S5: 18 | T5: 19 | U5: 20 | V5: 21 | W5: 22 | X5: 23 | Y5: 24 | Z5: 25 | AA5: 26 | AB5: 27 | AC5: 28 | AD5: 29 | AE5: 30 | AF5: 31 | AG5: P | AH5: ODK | AI5: A | AJ5: L | AK5: WO | AL5: PH | AM5: CO | AN5: ML | AO5: REMARKS
A6: =Jan!A6 | AG6: =COUNTIF($B6:$AF6,$AG$5) | AH6: =COUNTIF($B6:$AF6,$AH$5) | AI6: =COUNTIF($B6:$AF6,$AI$5) | AJ6: =COUNTIF($B6:$AF6,$AJ$5) | AK6: =COUNTIF($B6:$AF6,$AK$5) | AL6: =COUNTIF($B6:$AF6,$AL$5) | AM6: =COUNTIF($B6:$AF6,$AM$5) | AN6: =COUNTIF($B6:$AF6,$AN$5) | AO6: 1 COM-OFF
AG7: =COUNTIF($B7:$AF7,$AG$5) | AH7: =COUNTIF($B7:$AF7,$AH$5) | AI7: =COUNTIF($B7:$AF7,$AI$5) | AJ7: =COUNTIF($B7:$AF7,$AJ$5) | AK7: =COUNTIF($B7:$AF7,$AK$5) | AL7: =COUNTIF($B7:$AF7,$AL$5) | AM7: =COUNTIF($B7:$AF7,$AM$5) | AN7: =COUNTIF($B7:$AF7,$AN$5)
A8: =Jan!A8 | AG8: =COUNTIF($B8:$AF8,$AG$5) | AH8: =COUNTIF($B8:$AF8,$AH$5) | AI8: =COUNTIF($B8:$AF8,$AI$5) | AJ8: =COUNTIF($B8:$AF8,$AJ$5) | AK8: =COUNTIF($B8:$AF8,$AK$5) | AL8: =COUNTIF($B8:$AF8,$AL$5) | AM8: =COUNTIF($B8:$AF8,$AM$5) | AN8: =COUNTIF($B8:$AF8,$AN$5)
AG9: =COUNTIF($B9:$AF9,$AG$5) | AH9: =COUNTIF($B9:$AF9,$AH$5) | AI9: =COUNTIF($B9:$AF9,$AI$5) | AJ9: =COUNTIF($B9:$AF9,$AJ$5) | AK9: =COUNTIF($B9:$AF9,$AK$5) | AL9: =COUNTIF($B9:$AF9,$AL$5) | AM9: =COUNTIF($B9:$AF9,$AM$5) | AN9: =COUNTIF($B9:$AF9,$AN$5)
A10: =Jan!A10 | AG10: =COUNTIF($B10:$AF10,$AG$5) | AH10: =COUNTIF($B10:$AF10,$AH$5) | AI10: =COUNTIF($B10:$AF10,$AI$5) | AJ10: =COUNTIF($B10:$AF10,$AJ$5) | AK10: =COUNTIF($B10:$AF10,$AK$5) | AL10: =COUNTIF($B10:$AF10,$AL$5) | AM10: =COUNTIF($B10:$AF10,$AM$5) | AN10: =COUNTIF($B10:$AF10,$AN$5)
AG11: =COUNTIF($B11:$AF11,$AG$5) | AH11: =COUNTIF($B11:$AF11,$AH$5) | AI11: =COUNTIF($B11:$AF11,$AI$5) | AJ11: =COUNTIF($B11:$AF11,$AJ$5) | AK11: =COUNTIF($B11:$AF11,$AK$5) | AL11: =COUNTIF($B11:$AF11,$AL$5) | AM11: =COUNTIF($B11:$AF11,$AM$5) | AN11: =COUNTIF($B11:$AF11,$AN$5)
A12: =Jan!A12 | AG12: =COUNTIF($B12:$AF12,$AG$5) | AH12: =COUNTIF($B12:$AF12,$AH$5) | AI12: =COUNTIF($B12:$AF12,$AI$5) | AJ12: =COUNTIF($B12:$AF12,$AJ$5) | AK12: =COUNTIF($B12:$AF12,$AK$5) | AL12: =COUNTIF($B12:$AF12,$AL$5) | AM12: =COUNTIF($B12:$AF12,$AM$5) | AN12: =COUNTIF($B12:$AF12,$AN$5)
AG13: =COUNTIF($B13:$AF13,$AG$5) | AH13: =COUNTIF($B13:$AF13,$AH$5) | AI13: =COUNTIF($B13:$AF13,$AI$5) | AJ13: =COUNTIF($B13:$AF13,$AJ$5) | AK13: =COUNTIF($B13:$AF13,$AK$5) | AL13: =COUNTIF($B13:$AF13,$AL$5) | AM13: =COUNTIF($B13:$AF13,$AM$5) | AN13: =COUNTIF($B13:$AF13,$AN$5)
A14: =Jan!A14 | AG14: =COUNTIF($B14:$AF14,$AG$5) | AH14: =COUNTIF($B14:$AF14,$AH$5) | AI14: =COUNTIF($B14:$AF14,$AI$5) | AJ14: =COUNTIF($B14:$AF14,$AJ$5) | AK14: =COUNTIF($B14:$AF14,$AK$5) | AL14: =COUNTIF($B14:$AF14,$AL$5) | AM14: =COUNTIF($B14:$AF14,$AM$5) | AN14: =COUNTIF($B14:$AF14,$AN$5)
AG15: =COUNTIF($B15:$AF15,$AG$5) | AH15: =COUNTIF($B15:$AF15,$AH$5) | AI15: =COUNTIF($B15:$AF15,$AI$5) | AJ15: =COUNTIF($B15:$AF15,$AJ$5) | AK15: =COUNTIF($B15:$AF15,$AK$5) | AL15: =COUNTIF($B15:$AF15,$AL$5) | AM15: =COUNTIF($B15:$AF15,$AM$5) | AN15: =COUNTIF($B15:$AF15,$AN$5)
A16: =Jan!A16 | AG16: =COUNTIF($B16:$AF16,$AG$5) | AH16: =COUNTIF($B16:$AF16,$AH$5) | AI16: =COUNTIF($B16:$AF16,$AI$5) | AJ16: =COUNTIF($B16:$AF16,$AJ$5) | AK16: =COUNTIF($B16:$AF16,$AK$5) | AL16: =COUNTIF($B16:$AF16,$AL$5) | AM16: =COUNTIF($B16:$AF16,$AM$5) | AN16: =COUNTIF($B16:$AF16,$AN$5)
AG17: =COUNTIF($B17:$AF17,$AG$5) | AH17: =COUNTIF($B17:$AF17,$AH$5) | AI17: =COUNTIF($B17:$AF17,$AI$5) | AJ17: =COUNTIF($B17:$AF17,$AJ$5) | AK17: =COUNTIF($B17:$AF17,$AK$5) | AL17: =COUNTIF($B17:$AF17,$AL$5) | AM17: =COUNTIF($B17:$AF17,$AM$5) | AN17: =COUNTIF($B17:$AF17,$AN$5)
A18: =Jan!A18 | AG18: =COUNTIF($B18:$AF18,$AG$5) | AH18: =COUNTIF($B18:$AF18,$AH$5) | AI18: =COUNTIF($B18:$AF18,$AI$5) | AJ18: =COUNTIF($B18:$AF18,$AJ$5) | AK18: =COUNTIF($B18:$AF18,$AK$5) | AL18: =COUNTIF($B18:$AF18,$AL$5) | AM18: =COUNTIF($B18:$AF18,$AM$5) | AN18: =COUNTIF($B18:$AF18,$AN$5)
AG19: =COUNTIF($B19:$AF19,$AG$5) | AH19: =COUNTIF($B19:$AF19,$AH$5) | AI19: =COUNTIF($B19:$AF19,$AI$5) | AJ19: =COUNTIF($B19:$AF19,$AJ$5) | AK19: =COUNTIF($B19:$AF19,$AK$5) | AL19: =COUNTIF($B19:$AF19,$AL$5) | AM19: =COUNTIF($B19:$AF19,$AM$5) | AN19: =COUNTIF($B19:$AF19,$AN$5)
A20: =Jan!A20 | AG20: =COUNTIF($B20:$AF20,$AG$5) | AH20: =COUNTIF($B20:$AF20,$AH$5) | AI20: =COUNTIF($B20:$AF20,$AI$5) | AJ20: =COUNTIF($B20:$AF20,$AJ$5) | AK20: =COUNTIF($B20:$AF20,$AK$5) | AL20: =COUNTIF($B20:$AF20,$AL$5) | AM20: =COUNTIF($B20:$AF20,$AM$5) | AN20: =COUNTIF($B20:$AF20,$AN$5)
AG21: =COUNTIF($B21:$AF21,$AG$5) | AH21: =COUNTIF($B21:$AF21,$AH$5) | AI21: =COUNTIF($B21:$AF21,$AI$5) | AJ21: =COUNTIF($B21:$AF21,$AJ$5) | AK21: =COUNTIF($B21:$AF21,$AK$5) | AL21: =COUNTIF($B21:$AF21,$AL$5) | AM21: =COUNTIF($B21:$AF21,$AM$5) | AN21: =COUNTIF($B21:$AF21,$AN$5)
A22: =Jan!A22 | AG22: =COUNTIF($B22:$AF22,$AG$5) | AH22: =COUNTIF($B22:$AF22,$AH$5) | AI22: =COUNTIF($B22:$AF22,$AI$5) | AJ22: =COUNTIF($B22:$AF22,$AJ$5) | AK22: =COUNTIF($B22:$AF22,$AK$5) | AL22: =COUNTIF($B22:$AF22,$AL$5) | AM22: =COUNTIF($B22:$AF22,$AM$5) | AN22: =COUNTIF($B22:$AF22,$AN$5)
AG23: =COUNTIF($B23:$AF23,$AG$5) | AH23: =COUNTIF($B23:$AF23,$AH$5) | AI23: =COUNTIF($B23:$AF23,$AI$5) | AJ23: =COUNTIF($B23:$AF23,$AJ$5) | AK23: =COUNTIF($B23:$AF23,$AK$5) | AL23: =COUNTIF($B23:$AF23,$AL$5) | AM23: =COUNTIF($B23:$AF23,$AM$5) | AN23: =COUNTIF($B23:$AF23,$AN$5)
A24: =Jan!A24 | AG24: =COUNTIF($B24:$AF24,$AG$5) | AH24: =COUNTIF($B24:$AF24,$AH$5) | AI24: =COUNTIF($B24:$AF24,$AI$5) | AJ24: =COUNTIF($B24:$AF24,$AJ$5) | AK24: =COUNTIF($B24:$AF24,$AK$5) | AL24: =COUNTIF($B24:$AF24,$AL$5) | AM24: =COUNTIF($B24:$AF24,$AM$5) | AN24: =COUNTIF($B24:$AF24,$AN$5)
AG25: =COUNTIF($B25:$AF25,$AG$5) | AH25: =COUNTIF($B25:$AF25,$AH$5) | AI25: =COUNTIF($B25:$AF25,$AI$5) | AJ25: =COUNTIF($B25:$AF25,$AJ$5) | AK25: =COUNTIF($B25:$AF25,$AK$5) | AL25: =COUNTIF($B25:$AF25,$AL$5) | AM25: =COUNTIF($B25:$AF25,$AM$5) | AN25: =COUNTIF($B25:$AF25,$AN$5)
A26: =Jan!A26 | AG26: =COUNTIF($B26:$AF26,$AG$5) | AH26: =COUNTIF($B26:$AF26,$AH$5) | AI26: =COUNTIF($B26:$AF26,$AI$5) | AJ26: =COUNTIF($B26:$AF26,$AJ$5) | AK26: =COUNTIF($B26:$AF26,$AK$5) | AL26: =COUNTIF($B26:$AF26,$AL$5) | AM26: =COUNTIF($B26:$AF26,$AM$5) | AN26: =COUNTIF($B26:$AF26,$AN$5)
AG27: =COUNTIF($B27:$AF27,$AG$5) | AH27: =COUNTIF($B27:$AF27,$AH$5) | AI27: =COUNTIF($B27:$AF27,$AI$5) | AJ27: =COUNTIF($B27:$AF27,$AJ$5) | AK27: =COUNTIF($B27:$AF27,$AK$5) | AL27: =COUNTIF($B27:$AF27,$AL$5) | AM27: =COUNTIF($B27:$AF27,$AM$5) | AN27: =COUNTIF($B27:$AF27,$AN$5)
A28: =Jan!A28 | AG28: =COUNTIF($B28:$AF28,$AG$5) | AH28: =COUNTIF($B28:$AF28,$AH$5) | AI28: =COUNTIF($B28:$AF28,$AI$5) | AJ28: =COUNTIF($B28:$AF28,$AJ$5) | AK28: =COUNTIF($B28:$AF28,$AK$5) | AL28: =COUNTIF($B28:$AF28,$AL$5) | AM28: =COUNTIF($B28:$AF28,$AM$5) | AN28: =COUNTIF($B28:$AF28,$AN$5)
AG29: =COUNTIF($B29:$AF29,$AG$5) | AH29: =COUNTIF($B29:$AF29,$AH$5) | AI29: =COUNTIF($B29:$AF29,$AI$5) | AJ29: =COUNTIF($B29:$AF29,$AJ$5) | AK29: =COUNTIF($B29:$AF29,$AK$5) | AL29: =COUNTIF($B29:$AF29,$AL$5) | AM29: =COUNTIF($B29:$AF29,$AM$5) | AN29: =COUNTIF($B29:$AF29,$AN$5)
A30: =Jan!A30 | AG30: =COUNTIF($B30:$AF30,$AG$5) | AH30: =COUNTIF($B30:$AF30,$AH$5) | AI30: =COUNTIF($B30:$AF30,$AI$5) | AJ30: =COUNTIF($B30:$AF30,$AJ$5) | AK30: =COUNTIF($B30:$AF30,$AK$5) | AL30: =COUNTIF($B30:$AF30,$AL$5) | AM30: =COUNTIF($B30:$AF30,$AM$5) | AN30: =COUNTIF($B30:$AF30,$AN$5)
AG31: =COUNTIF($B31:$AF31,$AG$5) | AH31: =COUNTIF($B31:$AF31,$AH$5) | AI31: =COUNTIF($B31:$AF31,$AI$5) | AJ31: =COUNTIF($B31:$AF31,$AJ$5) | AK31: =COUNTIF($B31:$AF31,$AK$5) | AL31: =COUNTIF($B31:$AF31,$AL$5) | AM31: =COUNTIF($B31:$AF31,$AM$5) | AN31: =COUNTIF($B31:$AF31,$AN$5)
A32: =Jan!A32 | AG32: =COUNTIF($B32:$AF32,$AG$5) | AH32: =COUNTIF($B32:$AF32,$AH$5) | AI32: =COUNTIF($B32:$AF32,$AI$5) | AJ32: =COUNTIF($B32:$AF32,$AJ$5) | AK32: =COUNTIF($B32:$AF32,$AK$5) | AL32: =COUNTIF($B32:$AF32,$AL$5) | AM32: =COUNTIF($B32:$AF32,$AM$5) | AN32: =COUNTIF($B32:$AF32,$AN$5)
AG33: =COUNTIF($B33:$AF33,$AG$5) | AH33: =COUNTIF($B33:$AF33,$AH$5) | AI33: =COUNTIF($B33:$AF33,$AI$5) | AJ33: =COUNTIF($B33:$AF33,$AJ$5) | AK33: =COUNTIF($B33:$AF33,$AK$5) | AL33: =COUNTIF($B33:$AF33,$AL$5) | AM33: =COUNTIF($B33:$AF33,$AM$5) | AN33: =COUNTIF($B33:$AF33,$AN$5)
A34: =Jan!A34 | AG34: =COUNTIF($B34:$AF34,$AG$5) | AH34: =COUNTIF($B34:$AF34,$AH$5) | AI34: =COUNTIF($B34:$AF34,$AI$5) | AJ34: =COUNTIF($B34:$AF34,$AJ$5) | AK34: =COUNTIF($B34:$AF34,$AK$5) | AL34: =COUNTIF($B34:$AF34,$AL$5) | AM34: =COUNTIF($B34:$AF34,$AM$5) | AN34: =COUNTIF($B34:$AF34,$AN$5)
AG35: =COUNTIF($B35:$AF35,$AG$5) | AH35: =COUNTIF($B35:$AF35,$AH$5) | AI35: =COUNTIF($B35:$AF35,$AI$5) | AJ35: =COUNTIF($B35:$AF35,$AJ$5) | AK35: =COUNTIF($B35:$AF35,$AK$5) | AL35: =COUNTIF($B35:$AF35,$AL$5) | AM35: =COUNTIF($B35:$AF35,$AM$5) | AN35: =COUNTIF($B35:$AF35,$AN$5)
A36: =Jan!A36 | AG36: =COUNTIF($B36:$AF36,$AG$5) | AH36: =COUNTIF($B36:$AF36,$AH$5) | AI36: =COUNTIF($B36:$AF36,$AI$5) | AJ36: =COUNTIF($B36:$AF36,$AJ$5) | AK36: =COUNTIF($B36:$AF36,$AK$5) | AL36: =COUNTIF($B36:$AF36,$AL$5) | AM36: =COUNTIF($B36:$AF36,$AM$5) | AN36: =COUNTIF($B36:$AF36,$AN$5)
AG37: =COUNTIF($B37:$AF37,$AG$5) | AH37: =COUNTIF($B37:$AF37,$AH$5) | AI37: =COUNTIF($B37:$AF37,$AI$5) | AJ37: =COUNTIF($B37:$AF37,$AJ$5) | AK37: =COUNTIF($B37:$AF37,$AK$5) | AL37: =COUNTIF($B37:$AF37,$AL$5) | AM37: =COUNTIF($B37:$AF37,$AM$5) | AN37: =COUNTIF($B37:$AF37,$AN$5)
A38: =Jan!A38 | AG38: =COUNTIF($B38:$AF38,$AG$5) | AH38: =COUNTIF($B38:$AF38,$AH$5) | AI38: =COUNTIF($B38:$AF38,$AI$5) | AJ38: =COUNTIF($B38:$AF38,$AJ$5) | AK38: =COUNTIF($B38:$AF38,$AK$5) | AL38: =COUNTIF($B38:$AF38,$AL$5) | AM38: =COUNTIF($B38:$AF38,$AM$5) | AN38: =COUNTIF($B38:$AF38,$AN$5)
AG39: =COUNTIF($B39:$AF39,$AG$5) | AH39: =COUNTIF($B39:$AF39,$AH$5) | AI39: =COUNTIF($B39:$AF39,$AI$5) | AJ39: =COUNTIF($B39:$AF39,$AJ$5) | AK39: =COUNTIF($B39:$AF39,$AK$5) | AL39: =COUNTIF($B39:$AF39,$AL$5) | AM39: =COUNTIF($B39:$AF39,$AM$5) | AN39: =COUNTIF($B39:$AF39,$AN$5)
A40: =Jan!A40 | AG40: =COUNTIF($B40:$AF40,$AG$5) | AH40: =COUNTIF($B40:$AF40,$AH$5) | AI40: =COUNTIF($B40:$AF40,$AI$5) | AJ40: =COUNTIF($B40:$AF40,$AJ$5) | AK40: =COUNTIF($B40:$AF40,$AK$5) | AL40: =COUNTIF($B40:$AF40,$AL$5) | AM40: =COUNTIF($B40:$AF40,$AM$5) | AN40: =COUNTIF($B40:$AF40,$AN$5)
AG41: =COUNTIF($B41:$AF41,$AG$5) | AH41: =COUNTIF($B41:$AF41,$AH$5) | AI41: =COUNTIF($B41:$AF41,$AI$5) | AJ41: =COUNTIF($B41:$AF41,$AJ$5) | AK41: =COUNTIF($B41:$AF41,$AK$5) | AL41: =COUNTIF($B41:$AF41,$AL$5) | AM41: =COUNTIF($B41:$AF41,$AM$5) | AN41: =COUNTIF($B41:$AF41,$AN$5)
A42: =Jan!A42 | AG42: =COUNTIF($B42:$AF42,$AG$5) | AH42: =COUNTIF($B42:$AF42,$AH$5) | AI42: =COUNTIF($B42:$AF42,$AI$5) | AJ42: =COUNTIF($B42:$AF42,$AJ$5) | AK42: =COUNTIF($B42:$AF42,$AK$5) | AL42: =COUNTIF($B42:$AF42,$AL$5) | AM42: =COUNTIF($B42:$AF42,$AM$5) | AN42: =COUNTIF($B42:$AF42,$AN$5)
AG43: =COUNTIF($B43:$AF43,$AG$5) | AH43: =COUNTIF($B43:$AF43,$AH$5) | AI43: =COUNTIF($B43:$AF43,$AI$5) | AJ43: =COUNTIF($B43:$AF43,$AJ$5) | AK43: =COUNTIF($B43:$AF43,$AK$5) | AL43: =COUNTIF($B43:$AF43,$AL$5) | AM43: =COUNTIF($B43:$AF43,$AM$5) | AN43: =COUNTIF($B43:$AF43,$AN$5)
A44: =Jan!A44 | AG44: =COUNTIF($B44:$AF44,$AG$5) | AH44: =COUNTIF($B44:$AF44,$AH$5) | AI44: =COUNTIF($B44:$AF44,$AI$5) | AJ44: =COUNTIF($B44:$AF44,$AJ$5) | AK44: =COUNTIF($B44:$AF44,$AK$5) | AL44: =COUNTIF($B44:$AF44,$AL$5) | AM44: =COUNTIF($B44:$AF44,$AM$5) | AN44: =COUNTIF($B44:$AF44,$AN$5)
AG45: =COUNTIF($B45:$AF45,$AG$5) | AH45: =COUNTIF($B45:$AF45,$AH$5) | AI45: =COUNTIF($B45:$AF45,$AI$5) | AJ45: =COUNTIF($B45:$AF45,$AJ$5) | AK45: =COUNTIF($B45:$AF45,$AK$5) | AL45: =COUNTIF($B45:$AF45,$AL$5) | AM45: =COUNTIF($B45:$AF45,$AM$5) | AN45: =COUNTIF($B45:$AF45,$AN$5)
A46: =Jan!A46 | AG46: =COUNTIF($B46:$AF46,$AG$5) | AH46: =COUNTIF($B46:$AF46,$AH$5) | AI46: =COUNTIF($B46:$AF46,$AI$5) | AJ46: =COUNTIF($B46:$AF46,$AJ$5) | AK46: =COUNTIF($B46:$AF46,$AK$5) | AL46: =COUNTIF($B46:$AF46,$AL$5) | AM46: =COUNTIF($B46:$AF46,$AM$5) | AN46: =COUNTIF($B46:$AF46,$AN$5)
AG47: =COUNTIF($B47:$AF47,$AG$5) | AH47: =COUNTIF($B47:$AF47,$AH$5) | AI47: =COUNTIF($B47:$AF47,$AI$5) | AJ47: =COUNTIF($B47:$AF47,$AJ$5) | AK47: =COUNTIF($B47:$AF47,$AK$5) | AL47: =COUNTIF($B47:$AF47,$AL$5) | AM47: =COUNTIF($B47:$AF47,$AM$5) | AN47: =COUNTIF($B47:$AF47,$AN$5)
A48: =Jan!A48 | AG48: =COUNTIF($B48:$AF48,$AG$5) | AH48: =COUNTIF($B48:$AF48,$AH$5) | AI48: =COUNTIF($B48:$AF48,$AI$5) | AJ48: =COUNTIF($B48:$AF48,$AJ$5) | AK48: =COUNTIF($B48:$AF48,$AK$5) | AL48: =COUNTIF($B48:$AF48,$AL$5) | AM48: =COUNTIF($B48:$AF48,$AM$5) | AN48: =COUNTIF($B48:$AF48,$AN$5)
AG49: =COUNTIF($B49:$AF49,$AG$5) | AH49: =COUNTIF($B49:$AF49,$AH$5) | AI49: =COUNTIF($B49:$AF49,$AI$5) | AJ49: =COUNTIF($B49:$AF49,$AJ$5) | AK49: =COUNTIF($B49:$AF49,$AK$5) | AL49: =COUNTIF($B49:$AF49,$AL$5) | AM49: =COUNTIF($B49:$AF49,$AM$5) | AN49: =COUNTIF($B49:$AF49,$AN$5)

Sheet Oct
A1: PREASONT REPORT IN THE MONTH OF OCT 2015
A3: A - ABSENT | B3: L - LEAVE | F3: WO - WEEKLY OFF | K3: PH - PUBLIC HOLIDAY | P3: CO - COMP. OFF | U3: ML - MEDICAL. LEAVE | AA3: ODK - WORK AT KARAI
B4: CALENDER DATES
A5: NAME | B5: 1 | C5: 2 | D5: 3 | E5: 4 | F5: 5 | G5: 6 | H5: 7 | I5: 8 | J5: 9 | K5: 10 | L5: 11 | M5: 12 | N5: 13 | O5: 14 | P5: 15 | Q5: 16 | R5: 17 | S5: 18 | T5: 19 | U5: 20 | V5: 21 | W5: 22 | X5: 23 | Y5: 24 | Z5: 25 | AA5: 26 | AB5: 27 | AC5: 28 | AD5: 29 | AE5: 30 | AF5: 31 | AG5: P | AH5: ODK | AI5: A | AJ5: L | AK5: WO | AL5: PH | AM5: CO | AN5: ML | AO5: REMARKS
A6: =Jan!A6 | AG6: =COUNTIF($B6:$AF6,$AG$5) | AH6: =COUNTIF($B6:$AF6,$AH$5) | AI6: =COUNTIF($B6:$AF6,$AI$5) | AJ6: =COUNTIF($B6:$AF6,$AJ$5) | AK6: =COUNTIF($B6:$AF6,$AK$5) | AL6: =COUNTIF($B6:$AF6,$AL$5) | AM6: =COUNTIF($B6:$AF6,$AM$5) | AN6: =COUNTIF($B6:$AF6,$AN$5) | AO6: 1 COM-OFF
AG7: =COUNTIF($B7:$AF7,$AG$5) | AH7: =COUNTIF($B7:$AF7,$AH$5) | AI7: =COUNTIF($B7:$AF7,$AI$5) | AJ7: =COUNTIF($B7:$AF7,$AJ$5) | AK7: =COUNTIF($B7:$AF7,$AK$5) | AL7: =COUNTIF($B7:$AF7,$AL$5) | AM7: =COUNTIF($B7:$AF7,$AM$5) | AN7: =COUNTIF($B7:$AF7,$AN$5)
A8: =Jan!A8 | AG8: =COUNTIF($B8:$AF8,$AG$5) | AH8: =COUNTIF($B8:$AF8,$AH$5) | AI8: =COUNTIF($B8:$AF8,$AI$5) | AJ8: =COUNTIF($B8:$AF8,$AJ$5) | AK8: =COUNTIF($B8:$AF8,$AK$5) | AL8: =COUNTIF($B8:$AF8,$AL$5) | AM8: =COUNTIF($B8:$AF8,$AM$5) | AN8: =COUNTIF($B8:$AF8,$AN$5)
AG9: =COUNTIF($B9:$AF9,$AG$5) | AH9: =COUNTIF($B9:$AF9,$AH$5) | AI9: =COUNTIF($B9:$AF9,$AI$5) | AJ9: =COUNTIF($B9:$AF9,$AJ$5) | AK9: =COUNTIF($B9:$AF9,$AK$5) | AL9: =COUNTIF($B9:$AF9,$AL$5) | AM9: =COUNTIF($B9:$AF9,$AM$5) | AN9: =COUNTIF($B9:$AF9,$AN$5)
A10: =Jan!A10 | AG10: =COUNTIF($B10:$AF10,$AG$5) | AH10: =COUNTIF($B10:$AF10,$AH$5) | AI10: =COUNTIF($B10:$AF10,$AI$5) | AJ10: =COUNTIF($B10:$AF10,$AJ$5) | AK10: =COUNTIF($B10:$AF10,$AK$5) | AL10: =COUNTIF($B10:$AF10,$AL$5) | AM10: =COUNTIF($B10:$AF10,$AM$5) | AN10: =COUNTIF($B10:$AF10,$AN$5)
AG11: =COUNTIF($B11:$AF11,$AG$5) | AH11: =COUNTIF($B11:$AF11,$AH$5) | AI11: =COUNTIF($B11:$AF11,$AI$5) | AJ11: =COUNTIF($B11:$AF11,$AJ$5) | AK11: =COUNTIF($B11:$AF11,$AK$5) | AL11: =COUNTIF($B11:$AF11,$AL$5) | AM11: =COUNTIF($B11:$AF11,$AM$5) | AN11: =COUNTIF($B11:$AF11,$AN$5)
A12: =Jan!A12 | AG12: =COUNTIF($B12:$AF12,$AG$5) | AH12: =COUNTIF($B12:$AF12,$AH$5) | AI12: =COUNTIF($B12:$AF12,$AI$5) | AJ12: =COUNTIF($B12:$AF12,$AJ$5) | AK12: =COUNTIF($B12:$AF12,$AK$5) | AL12: =COUNTIF($B12:$AF12,$AL$5) | AM12: =COUNTIF($B12:$AF12,$AM$5) | AN12: =COUNTIF($B12:$AF12,$AN$5)
AG13: =COUNTIF($B13:$AF13,$AG$5) | AH13: =COUNTIF($B13:$AF13,$AH$5) | AI13: =COUNTIF($B13:$AF13,$AI$5) | AJ13: =COUNTIF($B13:$AF13,$AJ$5) | AK13: =COUNTIF($B13:$AF13,$AK$5) | AL13: =COUNTIF($B13:$AF13,$AL$5) | AM13: =COUNTIF($B13:$AF13,$AM$5) | AN13: =COUNTIF($B13:$AF13,$AN$5)
A14: =Jan!A14 | AG14: =COUNTIF($B14:$AF14,$AG$5) | AH14: =COUNTIF($B14:$AF14,$AH$5) | AI14: =COUNTIF($B14:$AF14,$AI$5) | AJ14: =COUNTIF($B14:$AF14,$AJ$5) | AK14: =COUNTIF($B14:$AF14,$AK$5) | AL14: =COUNTIF($B14:$AF14,$AL$5) | AM14: =COUNTIF($B14:$AF14,$AM$5) | AN14: =COUNTIF($B14:$AF14,$AN$5)
AG15: =COUNTIF($B15:$AF15,$AG$5) | AH15: =COUNTIF($B15:$AF15,$AH$5) | AI15: =COUNTIF($B15:$AF15,$AI$5) | AJ15: =COUNTIF($B15:$AF15,$AJ$5) | AK15: =COUNTIF($B15:$AF15,$AK$5) | AL15: =COUNTIF($B15:$AF15,$AL$5) | AM15: =COUNTIF($B15:$AF15,$AM$5) | AN15: =COUNTIF($B15:$AF15,$AN$5)
A16: =Jan!A16 | AG16: =COUNTIF($B16:$AF16,$AG$5) | AH16: =COUNTIF($B16:$AF16,$AH$5) | AI16: =COUNTIF($B16:$AF16,$AI$5) | AJ16: =COUNTIF($B16:$AF16,$AJ$5) | AK16: =COUNTIF($B16:$AF16,$AK$5) | AL16: =COUNTIF($B16:$AF16,$AL$5) | AM16: =COUNTIF($B16:$AF16,$AM$5) | AN16: =COUNTIF($B16:$AF16,$AN$5)
AG17: =COUNTIF($B17:$AF17,$AG$5) | AH17: =COUNTIF($B17:$AF17,$AH$5) | AI17: =COUNTIF($B17:$AF17,$AI$5) | AJ17: =COUNTIF($B17:$AF17,$AJ$5) | AK17: =COUNTIF($B17:$AF17,$AK$5) | AL17: =COUNTIF($B17:$AF17,$AL$5) | AM17: =COUNTIF($B17:$AF17,$AM$5) | AN17: =COUNTIF($B17:$AF17,$AN$5)
A18: =Jan!A18 | AG18: =COUNTIF($B18:$AF18,$AG$5) | AH18: =COUNTIF($B18:$AF18,$AH$5) | AI18: =COUNTIF($B18:$AF18,$AI$5) | AJ18: =COUNTIF($B18:$AF18,$AJ$5) | AK18: =COUNTIF($B18:$AF18,$AK$5) | AL18: =COUNTIF($B18:$AF18,$AL$5) | AM18: =COUNTIF($B18:$AF18,$AM$5) | AN18: =COUNTIF($B18:$AF18,$AN$5)
AG19: =COUNTIF($B19:$AF19,$AG$5) | AH19: =COUNTIF($B19:$AF19,$AH$5) | AI19: =COUNTIF($B19:$AF19,$AI$5) | AJ19: =COUNTIF($B19:$AF19,$AJ$5) | AK19: =COUNTIF($B19:$AF19,$AK$5) | AL19: =COUNTIF($B19:$AF19,$AL$5) | AM19: =COUNTIF($B19:$AF19,$AM$5) | AN19: =COUNTIF($B19:$AF19,$AN$5)
A20: =Jan!A20 | AG20: =COUNTIF($B20:$AF20,$AG$5) | AH20: =COUNTIF($B20:$AF20,$AH$5) | AI20: =COUNTIF($B20:$AF20,$AI$5) | AJ20: =COUNTIF($B20:$AF20,$AJ$5) | AK20: =COUNTIF($B20:$AF20,$AK$5) | AL20: =COUNTIF($B20:$AF20,$AL$5) | AM20: =COUNTIF($B20:$AF20,$AM$5) | AN20: =COUNTIF($B20:$AF20,$AN$5)
AG21: =COUNTIF($B21:$AF21,$AG$5) | AH21: =COUNTIF($B21:$AF21,$AH$5) | AI21: =COUNTIF($B21:$AF21,$AI$5) | AJ21: =COUNTIF($B21:$AF21,$AJ$5) | AK21: =COUNTIF($B21:$AF21,$AK$5) | AL21: =COUNTIF($B21:$AF21,$AL$5) | AM21: =COUNTIF($B21:$AF21,$AM$5) | AN21: =COUNTIF($B21:$AF21,$AN$5)
A22: =Jan!A22 | AG22: =COUNTIF($B22:$AF22,$AG$5) | AH22: =COUNTIF($B22:$AF22,$AH$5) | AI22: =COUNTIF($B22:$AF22,$AI$5) | AJ22: =COUNTIF($B22:$AF22,$AJ$5) | AK22: =COUNTIF($B22:$AF22,$AK$5) | AL22: =COUNTIF($B22:$AF22,$AL$5) | AM22: =COUNTIF($B22:$AF22,$AM$5) | AN22: =COUNTIF($B22:$AF22,$AN$5)
AG23: =COUNTIF($B23:$AF23,$AG$5) | AH23: =COUNTIF($B23:$AF23,$AH$5) | AI23: =COUNTIF($B23:$AF23,$AI$5) | AJ23: =COUNTIF($B23:$AF23,$AJ$5) | AK23: =COUNTIF($B23:$AF23,$AK$5) | AL23: =COUNTIF($B23:$AF23,$AL$5) | AM23: =COUNTIF($B23:$AF23,$AM$5) | AN23: =COUNTIF($B23:$AF23,$AN$5)
A24: =Jan!A24 | AG24: =COUNTIF($B24:$AF24,$AG$5) | AH24: =COUNTIF($B24:$AF24,$AH$5) | AI24: =COUNTIF($B24:$AF24,$AI$5) | AJ24: =COUNTIF($B24:$AF24,$AJ$5) | AK24: =COUNTIF($B24:$AF24,$AK$5) | AL24: =COUNTIF($B24:$AF24,$AL$5) | AM24: =COUNTIF($B24:$AF24,$AM$5) | AN24: =COUNTIF($B24:$AF24,$AN$5)
AG25: =COUNTIF($B25:$AF25,$AG$5) | AH25: =COUNTIF($B25:$AF25,$AH$5) | AI25: =COUNTIF($B25:$AF25,$AI$5) | AJ25: =COUNTIF($B25:$AF25,$AJ$5) | AK25: =COUNTIF($B25:$AF25,$AK$5) | AL25: =COUNTIF($B25:$AF25,$AL$5) | AM25: =COUNTIF($B25:$AF25,$AM$5) | AN25: =COUNTIF($B25:$AF25,$AN$5)
A26: =Jan!A26 | AG26: =COUNTIF($B26:$AF26,$AG$5) | AH26: =COUNTIF($B26:$AF26,$AH$5) | AI26: =COUNTIF($B26:$AF26,$AI$5) | AJ26: =COUNTIF($B26:$AF26,$AJ$5) | AK26: =COUNTIF($B26:$AF26,$AK$5) | AL26: =COUNTIF($B26:$AF26,$AL$5) | AM26: =COUNTIF($B26:$AF26,$AM$5) | AN26: =COUNTIF($B26:$AF26,$AN$5)
AG27: =COUNTIF($B27:$AF27,$AG$5) | AH27: =COUNTIF($B27:$AF27,$AH$5) | AI27: =COUNTIF($B27:$AF27,$AI$5) | AJ27: =COUNTIF($B27:$AF27,$AJ$5) | AK27: =COUNTIF($B27:$AF27,$AK$5) | AL27: =COUNTIF($B27:$AF27,$AL$5) | AM27: =COUNTIF($B27:$AF27,$AM$5) | AN27: =COUNTIF($B27:$AF27,$AN$5)
A28: =Jan!A28 | AG28: =COUNTIF($B28:$AF28,$AG$5) | AH28: =COUNTIF($B28:$AF28,$AH$5) | AI28: =COUNTIF($B28:$AF28,$AI$5) | AJ28: =COUNTIF($B28:$AF28,$AJ$5) | AK28: =COUNTIF($B28:$AF28,$AK$5) | AL28: =COUNTIF($B28:$AF28,$AL$5) | AM28: =COUNTIF($B28:$AF28,$AM$5) | AN28: =COUNTIF($B28:$AF28,$AN$5)
AG29: =COUNTIF($B29:$AF29,$AG$5) | AH29: =COUNTIF($B29:$AF29,$AH$5) | AI29: =COUNTIF($B29:$AF29,$AI$5) | AJ29: =COUNTIF($B29:$AF29,$AJ$5) | AK29: =COUNTIF($B29:$AF29,$AK$5) | AL29: =COUNTIF($B29:$AF29,$AL$5) | AM29: =COUNTIF($B29:$AF29,$AM$5) | AN29: =COUNTIF($B29:$AF29,$AN$5)
A30: =Jan!A30 | AG30: =COUNTIF($B30:$AF30,$AG$5) | AH30: =COUNTIF($B30:$AF30,$AH$5) | AI30: =COUNTIF($B30:$AF30,$AI$5) | AJ30: =COUNTIF($B30:$AF30,$AJ$5) | AK30: =COUNTIF($B30:$AF30,$AK$5) | AL30: =COUNTIF($B30:$AF30,$AL$5) | AM30: =COUNTIF($B30:$AF30,$AM$5) | AN30: =COUNTIF($B30:$AF30,$AN$5)
AG31: =COUNTIF($B31:$AF31,$AG$5) | AH31: =COUNTIF($B31:$AF31,$AH$5) | AI31: =COUNTIF($B31:$AF31,$AI$5) | AJ31: =COUNTIF($B31:$AF31,$AJ$5) | AK31: =COUNTIF($B31:$AF31,$AK$5) | AL31: =COUNTIF($B31:$AF31,$AL$5) | AM31: =COUNTIF($B31:$AF31,$AM$5) | AN31: =COUNTIF($B31:$AF31,$AN$5)
A32: =Jan!A32 | AG32: =COUNTIF($B32:$AF32,$AG$5) | AH32: =COUNTIF($B32:$AF32,$AH$5) | AI32: =COUNTIF($B32:$AF32,$AI$5) | AJ32: =COUNTIF($B32:$AF32,$AJ$5) | AK32: =COUNTIF($B32:$AF32,$AK$5) | AL32: =COUNTIF($B32:$AF32,$AL$5) | AM32: =COUNTIF($B32:$AF32,$AM$5) | AN32: =COUNTIF($B32:$AF32,$AN$5)
AG33: =COUNTIF($B33:$AF33,$AG$5) | AH33: =COUNTIF($B33:$AF33,$AH$5) | AI33: =COUNTIF($B33:$AF33,$AI$5) | AJ33: =COUNTIF($B33:$AF33,$AJ$5) | AK33: =COUNTIF($B33:$AF33,$AK$5) | AL33: =COUNTIF($B33:$AF33,$AL$5) | AM33: =COUNTIF($B33:$AF33,$AM$5) | AN33: =COUNTIF($B33:$AF33,$AN$5)
A34: =Jan!A34 | AG34: =COUNTIF($B34:$AF34,$AG$5) | AH34: =COUNTIF($B34:$AF34,$AH$5) | AI34: =COUNTIF($B34:$AF34,$AI$5) | AJ34: =COUNTIF($B34:$AF34,$AJ$5) | AK34: =COUNTIF($B34:$AF34,$AK$5) | AL34: =COUNTIF($B34:$AF34,$AL$5) | AM34: =COUNTIF($B34:$AF34,$AM$5) | AN34: =COUNTIF($B34:$AF34,$AN$5)
AG35: =COUNTIF($B35:$AF35,$AG$5) | AH35: =COUNTIF($B35:$AF35,$AH$5) | AI35: =COUNTIF($B35:$AF35,$AI$5) | AJ35: =COUNTIF($B35:$AF35,$AJ$5) | AK35: =COUNTIF($B35:$AF35,$AK$5) | AL35: =COUNTIF($B35:$AF35,$AL$5) | AM35: =COUNTIF($B35:$AF35,$AM$5) | AN35: =COUNTIF($B35:$AF35,$AN$5)
A36: =Jan!A36 | AG36: =COUNTIF($B36:$AF36,$AG$5) | AH36: =COUNTIF($B36:$AF36,$AH$5) | AI36: =COUNTIF($B36:$AF36,$AI$5) | AJ36: =COUNTIF($B36:$AF36,$AJ$5) | AK36: =COUNTIF($B36:$AF36,$AK$5) | AL36: =COUNTIF($B36:$AF36,$AL$5) | AM36: =COUNTIF($B36:$AF36,$AM$5) | AN36: =COUNTIF($B36:$AF36,$AN$5)
AG37: =COUNTIF($B37:$AF37,$AG$5) | AH37: =COUNTIF($B37:$AF37,$AH$5) | AI37: =COUNTIF($B37:$AF37,$AI$5) | AJ37: =COUNTIF($B37:$AF37,$AJ$5) | AK37: =COUNTIF($B37:$AF37,$AK$5) | AL37: =COUNTIF($B37:$AF37,$AL$5) | AM37: =COUNTIF($B37:$AF37,$AM$5) | AN37: =COUNTIF($B37:$AF37,$AN$5)
A38: =Jan!A38 | AG38: =COUNTIF($B38:$AF38,$AG$5) | AH38: =COUNTIF($B38:$AF38,$AH$5) | AI38: =COUNTIF($B38:$AF38,$AI$5) | AJ38: =COUNTIF($B38:$AF38,$AJ$5) | AK38: =COUNTIF($B38:$AF38,$AK$5) | AL38: =COUNTIF($B38:$AF38,$AL$5) | AM38: =COUNTIF($B38:$AF38,$AM$5) | AN38: =COUNTIF($B38:$AF38,$AN$5)
AG39: =COUNTIF($B39:$AF39,$AG$5) | AH39: =COUNTIF($B39:$AF39,$AH$5) | AI39: =COUNTIF($B39:$AF39,$AI$5) | AJ39: =COUNTIF($B39:$AF39,$AJ$5) | AK39: =COUNTIF($B39:$AF39,$AK$5) | AL39: =COUNTIF($B39:$AF39,$AL$5) | AM39: =COUNTIF($B39:$AF39,$AM$5) | AN39: =COUNTIF($B39:$AF39,$AN$5)
A40: =Jan!A40 | AG40: =COUNTIF($B40:$AF40,$AG$5) | AH40: =COUNTIF($B40:$AF40,$AH$5) | AI40: =COUNTIF($B40:$AF40,$AI$5) | AJ40: =COUNTIF($B40:$AF40,$AJ$5) | AK40: =COUNTIF($B40:$AF40,$AK$5) | AL40: =COUNTIF($B40:$AF40,$AL$5) | AM40: =COUNTIF($B40:$AF40,$AM$5) | AN40: =COUNTIF($B40:$AF40,$AN$5)
AG41: =COUNTIF($B41:$AF41,$AG$5) | AH41: =COUNTIF($B41:$AF41,$AH$5) | AI41: =COUNTIF($B41:$AF41,$AI$5) | AJ41: =COUNTIF($B41:$AF41,$AJ$5) | AK41: =COUNTIF($B41:$AF41,$AK$5) | AL41: =COUNTIF($B41:$AF41,$AL$5) | AM41: =COUNTIF($B41:$AF41,$AM$5) | AN41: =COUNTIF($B41:$AF41,$AN$5)
A42: =Jan!A42 | AG42: =COUNTIF($B42:$AF42,$AG$5) | AH42: =COUNTIF($B42:$AF42,$AH$5) | AI42: =COUNTIF($B42:$AF42,$AI$5) | AJ42: =COUNTIF($B42:$AF42,$AJ$5) | AK42: =COUNTIF($B42:$AF42,$AK$5) | AL42: =COUNTIF($B42:$AF42,$AL$5) | AM42: =COUNTIF($B42:$AF42,$AM$5) | AN42: =COUNTIF($B42:$AF42,$AN$5)
AG43: =COUNTIF($B43:$AF43,$AG$5) | AH43: =COUNTIF($B43:$AF43,$AH$5) | AI43: =COUNTIF($B43:$AF43,$AI$5) | AJ43: =COUNTIF($B43:$AF43,$AJ$5) | AK43: =COUNTIF($B43:$AF43,$AK$5) | AL43: =COUNTIF($B43:$AF43,$AL$5) | AM43: =COUNTIF($B43:$AF43,$AM$5) | AN43: =COUNTIF($B43:$AF43,$AN$5)
A44: =Jan!A44 | AG44: =COUNTIF($B44:$AF44,$AG$5) | AH44: =COUNTIF($B44:$AF44,$AH$5) | AI44: =COUNTIF($B44:$AF44,$AI$5) | AJ44: =COUNTIF($B44:$AF44,$AJ$5) | AK44: =COUNTIF($B44:$AF44,$AK$5) | AL44: =COUNTIF($B44:$AF44,$AL$5) | AM44: =COUNTIF($B44:$AF44,$AM$5) | AN44: =COUNTIF($B44:$AF44,$AN$5)
AG45: =COUNTIF($B45:$AF45,$AG$5) | AH45: =COUNTIF($B45:$AF45,$AH$5) | AI45: =COUNTIF($B45:$AF45,$AI$5) | AJ45: =COUNTIF($B45:$AF45,$AJ$5) | AK45: =COUNTIF($B45:$AF45,$AK$5) | AL45: =COUNTIF($B45:$AF45,$AL$5) | AM45: =COUNTIF($B45:$AF45,$AM$5) | AN45: =COUNTIF($B45:$AF45,$AN$5)
A46: =Jan!A46 | AG46: =COUNTIF($B46:$AF46,$AG$5) | AH46: =COUNTIF($B46:$AF46,$AH$5) | AI46: =COUNTIF($B46:$AF46,$AI$5) | AJ46: =COUNTIF($B46:$AF46,$AJ$5) | AK46: =COUNTIF($B46:$AF46,$AK$5) | AL46: =COUNTIF($B46:$AF46,$AL$5) | AM46: =COUNTIF($B46:$AF46,$AM$5) | AN46: =COUNTIF($B46:$AF46,$AN$5)
AG47: =COUNTIF($B47:$AF47,$AG$5) | AH47: =COUNTIF($B47:$AF47,$AH$5) | AI47: =COUNTIF($B47:$AF47,$AI$5) | AJ47: =COUNTIF($B47:$AF47,$AJ$5) | AK47: =COUNTIF($B47:$AF47,$AK$5) | AL47: =COUNTIF($B47:$AF47,$AL$5) | AM47: =COUNTIF($B47:$AF47,$AM$5) | AN47: =COUNTIF($B47:$AF47,$AN$5)
A48: =Jan!A48 | AG48: =COUNTIF($B48:$AF48,$AG$5) | AH48: =COUNTIF($B48:$AF48,$AH$5) | AI48: =COUNTIF($B48:$AF48,$AI$5) | AJ48: =COUNTIF($B48:$AF48,$AJ$5) | AK48: =COUNTIF($B48:$AF48,$AK$5) | AL48: =COUNTIF($B48:$AF48,$AL$5) | AM48: =COUNTIF($B48:$AF48,$AM$5) | AN48: =COUNTIF($B48:$AF48,$AN$5)
AG49: =COUNTIF($B49:$AF49,$AG$5) | AH49: =COUNTIF($B49:$AF49,$AH$5) | AI49: =COUNTIF($B49:$AF49,$AI$5) | AJ49: =COUNTIF($B49:$AF49,$AJ$5) | AK49: =COUNTIF($B49:$AF49,$AK$5) | AL49: =COUNTIF($B49:$AF49,$AL$5) | AM49: =COUNTIF($B49:$AF49,$AM$5) | AN49: =COUNTIF($B49:$AF49,$AN$5)

Sheet Nov
A1: PREASONT REPORT IN THE MONTH OF NOV 2015
A3: A - ABSENT | B3: L - LEAVE | F3: WO - WEEKLY OFF | K3: PH - PUBLIC HOLIDAY | P3: CO - COMP. OFF | U3: ML - MEDICAL. LEAVE | AA3: ODK - WORK AT KARAI
B4: CALENDER DATES
A5: NAME | B5: 1 | C5: 2 | D5: 3 | E5: 4 | F5: 5 | G5: 6 | H5: 7 | I5: 8 | J5: 9 | K5: 10 | L5: 11 | M5: 12 | N5: 13 | O5: 14 | P5: 15 | Q5: 16 | R5: 17 | S5: 18 | T5: 19 | U5: 20 | V5: 21 | W5: 22 | X5: 23 | Y5: 24 | Z5: 25 | AA5: 26 | AB5: 27 | AC5: 28 | AD5: 29 | AE5: 30 | AF5: 31 | AG5: P | AH5: ODK | AI5: A | AJ5: L | AK5: WO | AL5: PH | AM5: CO | AN5: ML | AO5: REMARKS
A6: =Jan!A6 | AG6: =COUNTIF($B6:$AF6,$AG$5) | AH6: =COUNTIF($B6:$AF6,$AH$5) | AI6: =COUNTIF($B6:$AF6,$AI$5) | AJ6: =COUNTIF($B6:$AF6,$AJ$5) | AK6: =COUNTIF($B6:$AF6,$AK$5) | AL6: =COUNTIF($B6:$AF6,$AL$5) | AM6: =COUNTIF($B6:$AF6,$AM$5) | AN6: =COUNTIF($B6:$AF6,$AN$5) | AO6: 1 COM-OFF
AG7: =COUNTIF($B7:$AF7,$AG$5) | AH7: =COUNTIF($B7:$AF7,$AH$5) | AI7: =COUNTIF($B7:$AF7,$AI$5) | AJ7: =COUNTIF($B7:$AF7,$AJ$5) | AK7: =COUNTIF($B7:$AF7,$AK$5) | AL7: =COUNTIF($B7:$AF7,$AL$5) | AM7: =COUNTIF($B7:$AF7,$AM$5) | AN7: =COUNTIF($B7:$AF7,$AN$5)
A8: =Jan!A8 | AG8: =COUNTIF($B8:$AF8,$AG$5) | AH8: =COUNTIF($B8:$AF8,$AH$5) | AI8: =COUNTIF($B8:$AF8,$AI$5) | AJ8: =COUNTIF($B8:$AF8,$AJ$5) | AK8: =COUNTIF($B8:$AF8,$AK$5) | AL8: =COUNTIF($B8:$AF8,$AL$5) | AM8: =COUNTIF($B8:$AF8,$AM$5) | AN8: =COUNTIF($B8:$AF8,$AN$5)
AG9: =COUNTIF($B9:$AF9,$AG$5) | AH9: =COUNTIF($B9:$AF9,$AH$5) | AI9: =COUNTIF($B9:$AF9,$AI$5) | AJ9: =COUNTIF($B9:$AF9,$AJ$5) | AK9: =COUNTIF($B9:$AF9,$AK$5) | AL9: =COUNTIF($B9:$AF9,$AL$5) | AM9: =COUNTIF($B9:$AF9,$AM$5) | AN9: =COUNTIF($B9:$AF9,$AN$5)
A10: =Jan!A10 | AG10: =COUNTIF($B10:$AF10,$AG$5) | AH10: =COUNTIF($B10:$AF10,$AH$5) | AI10: =COUNTIF($B10:$AF10,$AI$5) | AJ10: =COUNTIF($B10:$AF10,$AJ$5) | AK10: =COUNTIF($B10:$AF10,$AK$5) | AL10: =COUNTIF($B10:$AF10,$AL$5) | AM10: =COUNTIF($B10:$AF10,$AM$5) | AN10: =COUNTIF($B10:$AF10,$AN$5)
AG11: =COUNTIF($B11:$AF11,$AG$5) | AH11: =COUNTIF($B11:$AF11,$AH$5) | AI11: =COUNTIF($B11:$AF11,$AI$5) | AJ11: =COUNTIF($B11:$AF11,$AJ$5) | AK11: =COUNTIF($B11:$AF11,$AK$5) | AL11: =COUNTIF($B11:$AF11,$AL$5) | AM11: =COUNTIF($B11:$AF11,$AM$5) | AN11: =COUNTIF($B11:$AF11,$AN$5)
A12: =Jan!A12 | AG12: =COUNTIF($B12:$AF12,$AG$5) | AH12: =COUNTIF($B12:$AF12,$AH$5) | AI12: =COUNTIF($B12:$AF12,$AI$5) | AJ12: =COUNTIF($B12:$AF12,$AJ$5) | AK12: =COUNTIF($B12:$AF12,$AK$5) | AL12: =COUNTIF($B12:$AF12,$AL$5) | AM12: =COUNTIF($B12:$AF12,$AM$5) | AN12: =COUNTIF($B12:$AF12,$AN$5)
AG13: =COUNTIF($B13:$AF13,$AG$5) | AH13: =COUNTIF($B13:$AF13,$AH$5) | AI13: =COUNTIF($B13:$AF13,$AI$5) | AJ13: =COUNTIF($B13:$AF13,$AJ$5) | AK13: =COUNTIF($B13:$AF13,$AK$5) | AL13: =COUNTIF($B13:$AF13,$AL$5) | AM13: =COUNTIF($B13:$AF13,$AM$5) | AN13: =COUNTIF($B13:$AF13,$AN$5)
A14: =Jan!A14 | AG14: =COUNTIF($B14:$AF14,$AG$5) | AH14: =COUNTIF($B14:$AF14,$AH$5) | AI14: =COUNTIF($B14:$AF14,$AI$5) | AJ14: =COUNTIF($B14:$AF14,$AJ$5) | AK14: =COUNTIF($B14:$AF14,$AK$5) | AL14: =COUNTIF($B14:$AF14,$AL$5) | AM14: =COUNTIF($B14:$AF14,$AM$5) | AN14: =COUNTIF($B14:$AF14,$AN$5)
AG15: =COUNTIF($B15:$AF15,$AG$5) | AH15: =COUNTIF($B15:$AF15,$AH$5) | AI15: =COUNTIF($B15:$AF15,$AI$5) | AJ15: =COUNTIF($B15:$AF15,$AJ$5) | AK15: =COUNTIF($B15:$AF15,$AK$5) | AL15: =COUNTIF($B15:$AF15,$AL$5) | AM15: =COUNTIF($B15:$AF15,$AM$5) | AN15: =COUNTIF($B15:$AF15,$AN$5)
A16: =Jan!A16 | AG16: =COUNTIF($B16:$AF16,$AG$5) | AH16: =COUNTIF($B16:$AF16,$AH$5) | AI16: =COUNTIF($B16:$AF16,$AI$5) | AJ16: =COUNTIF($B16:$AF16,$AJ$5) | AK16: =COUNTIF($B16:$AF16,$AK$5) | AL16: =COUNTIF($B16:$AF16,$AL$5) | AM16: =COUNTIF($B16:$AF16,$AM$5) | AN16: =COUNTIF($B16:$AF16,$AN$5)
AG17: =COUNTIF($B17:$AF17,$AG$5) | AH17: =COUNTIF($B17:$AF17,$AH$5) | AI17: =COUNTIF($B17:$AF17,$AI$5) | AJ17: =COUNTIF($B17:$AF17,$AJ$5) | AK17: =COUNTIF($B17:$AF17,$AK$5) | AL17: =COUNTIF($B17:$AF17,$AL$5) | AM17: =COUNTIF($B17:$AF17,$AM$5) | AN17: =COUNTIF($B17:$AF17,$AN$5)
A18: =Jan!A18 | AG18: =COUNTIF($B18:$AF18,$AG$5) | AH18: =COUNTIF($B18:$AF18,$AH$5) | AI18: =COUNTIF($B18:$AF18,$AI$5) | AJ18: =COUNTIF($B18:$AF18,$AJ$5) | AK18: =COUNTIF($B18:$AF18,$AK$5) | AL18: =COUNTIF($B18:$AF18,$AL$5) | AM18: =COUNTIF($B18:$AF18,$AM$5) | AN18: =COUNTIF($B18:$AF18,$AN$5)
AG19: =COUNTIF($B19:$AF19,$AG$5) | AH19: =COUNTIF($B19:$AF19,$AH$5) | AI19: =COUNTIF($B19:$AF19,$AI$5) | AJ19: =COUNTIF($B19:$AF19,$AJ$5) | AK19: =COUNTIF($B19:$AF19,$AK$5) | AL19: =COUNTIF($B19:$AF19,$AL$5) | AM19: =COUNTIF($B19:$AF19,$AM$5) | AN19: =COUNTIF($B19:$AF19,$AN$5)
A20: =Jan!A20 | AG20: =COUNTIF($B20:$AF20,$AG$5) | AH20: =COUNTIF($B20:$AF20,$AH$5) | AI20: =COUNTIF($B20:$AF20,$AI$5) | AJ20: =COUNTIF($B20:$AF20,$AJ$5) | AK20: =COUNTIF($B20:$AF20,$AK$5) | AL20: =COUNTIF($B20:$AF20,$AL$5) | AM20: =COUNTIF($B20:$AF20,$AM$5) | AN20: =COUNTIF($B20:$AF20,$AN$5)
AG21: =COUNTIF($B21:$AF21,$AG$5) | AH21: =COUNTIF($B21:$AF21,$AH$5) | AI21: =COUNTIF($B21:$AF21,$AI$5) | AJ21: =COUNTIF($B21:$AF21,$AJ$5) | AK21: =COUNTIF($B21:$AF21,$AK$5) | AL21: =COUNTIF($B21:$AF21,$AL$5) | AM21: =COUNTIF($B21:$AF21,$AM$5) | AN21: =COUNTIF($B21:$AF21,$AN$5)
A22: =Jan!A22 | AG22: =COUNTIF($B22:$AF22,$AG$5) | AH22: =COUNTIF($B22:$AF22,$AH$5) | AI22: =COUNTIF($B22:$AF22,$AI$5) | AJ22: =COUNTIF($B22:$AF22,$AJ$5) | AK22: =COUNTIF($B22:$AF22,$AK$5) | AL22: =COUNTIF($B22:$AF22,$AL$5) | AM22: =COUNTIF($B22:$AF22,$AM$5) | AN22: =COUNTIF($B22:$AF22,$AN$5)
AG23: =COUNTIF($B23:$AF23,$AG$5) | AH23: =COUNTIF($B23:$AF23,$AH$5) | AI23: =COUNTIF($B23:$AF23,$AI$5) | AJ23: =COUNTIF($B23:$AF23,$AJ$5) | AK23: =COUNTIF($B23:$AF23,$AK$5) | AL23: =COUNTIF($B23:$AF23,$AL$5) | AM23: =COUNTIF($B23:$AF23,$AM$5) | AN23: =COUNTIF($B23:$AF23,$AN$5)
A24: =Jan!A24 | AG24: =COUNTIF($B24:$AF24,$AG$5) | AH24: =COUNTIF($B24:$AF24,$AH$5) | AI24: =COUNTIF($B24:$AF24,$AI$5) | AJ24: =COUNTIF($B24:$AF24,$AJ$5) | AK24: =COUNTIF($B24:$AF24,$AK$5) | AL24: =COUNTIF($B24:$AF24,$AL$5) | AM24: =COUNTIF($B24:$AF24,$AM$5) | AN24: =COUNTIF($B24:$AF24,$AN$5)
AG25: =COUNTIF($B25:$AF25,$AG$5) | AH25: =COUNTIF($B25:$AF25,$AH$5) | AI25: =COUNTIF($B25:$AF25,$AI$5) | AJ25: =COUNTIF($B25:$AF25,$AJ$5) | AK25: =COUNTIF($B25:$AF25,$AK$5) | AL25: =COUNTIF($B25:$AF25,$AL$5) | AM25: =COUNTIF($B25:$AF25,$AM$5) | AN25: =COUNTIF($B25:$AF25,$AN$5)
A26: =Jan!A26 | AG26: =COUNTIF($B26:$AF26,$AG$5) | AH26: =COUNTIF($B26:$AF26,$AH$5) | AI26: =COUNTIF($B26:$AF26,$AI$5) | AJ26: =COUNTIF($B26:$AF26,$AJ$5) | AK26: =COUNTIF($B26:$AF26,$AK$5) | AL26: =COUNTIF($B26:$AF26,$AL$5) | AM26: =COUNTIF($B26:$AF26,$AM$5) | AN26: =COUNTIF($B26:$AF26,$AN$5)
AG27: =COUNTIF($B27:$AF27,$AG$5) | AH27: =COUNTIF($B27:$AF27,$AH$5) | AI27: =COUNTIF($B27:$AF27,$AI$5) | AJ27: =COUNTIF($B27:$AF27,$AJ$5) | AK27: =COUNTIF($B27:$AF27,$AK$5) | AL27: =COUNTIF($B27:$AF27,$AL$5) | AM27: =COUNTIF($B27:$AF27,$AM$5) | AN27: =COUNTIF($B27:$AF27,$AN$5)
A28: =Jan!A28 | AG28: =COUNTIF($B28:$AF28,$AG$5) | AH28: =COUNTIF($B28:$AF28,$AH$5) | AI28: =COUNTIF($B28:$AF28,$AI$5) | AJ28: =COUNTIF($B28:$AF28,$AJ$5) | AK28: =COUNTIF($B28:$AF28,$AK$5) | AL28: =COUNTIF($B28:$AF28,$AL$5) | AM28: =COUNTIF($B28:$AF28,$AM$5) | AN28: =COUNTIF($B28:$AF28,$AN$5)
AG29: =COUNTIF($B29:$AF29,$AG$5) | AH29: =COUNTIF($B29:$AF29,$AH$5) | AI29: =COUNTIF($B29:$AF29,$AI$5) | AJ29: =COUNTIF($B29:$AF29,$AJ$5) | AK29: =COUNTIF($B29:$AF29,$AK$5) | AL29: =COUNTIF($B29:$AF29,$AL$5) | AM29: =COUNTIF($B29:$AF29,$AM$5) | AN29: =COUNTIF($B29:$AF29,$AN$5)
A30: =Jan!A30 | AG30: =COUNTIF($B30:$AF30,$AG$5) | AH30: =COUNTIF($B30:$AF30,$AH$5) | AI30: =COUNTIF($B30:$AF30,$AI$5) | AJ30: =COUNTIF($B30:$AF30,$AJ$5) | AK30: =COUNTIF($B30:$AF30,$AK$5) | AL30: =COUNTIF($B30:$AF30,$AL$5) | AM30: =COUNTIF($B30:$AF30,$AM$5) | AN30: =COUNTIF($B30:$AF30,$AN$5)
AG31: =COUNTIF($B31:$AF31,$AG$5) | AH31: =COUNTIF($B31:$AF31,$AH$5) | AI31: =COUNTIF($B31:$AF31,$AI$5) | AJ31: =COUNTIF($B31:$AF31,$AJ$5) | AK31: =COUNTIF($B31:$AF31,$AK$5) | AL31: =COUNTIF($B31:$AF31,$AL$5) | AM31: =COUNTIF($B31:$AF31,$AM$5) | AN31: =COUNTIF($B31:$AF31,$AN$5)
A32: =Jan!A32 | AG32: =COUNTIF($B32:$AF32,$AG$5) | AH32: =COUNTIF($B32:$AF32,$AH$5) | AI32: =COUNTIF($B32:$AF32,$AI$5) | AJ32: =COUNTIF($B32:$AF32,$AJ$5) | AK32: =COUNTIF($B32:$AF32,$AK$5) | AL32: =COUNTIF($B32:$AF32,$AL$5) | AM32: =COUNTIF($B32:$AF32,$AM$5) | AN32: =COUNTIF($B32:$AF32,$AN$5)
AG33: =COUNTIF($B33:$AF33,$AG$5) | AH33: =COUNTIF($B33:$AF33,$AH$5) | AI33: =COUNTIF($B33:$AF33,$AI$5) | AJ33: =COUNTIF($B33:$AF33,$AJ$5) | AK33: =COUNTIF($B33:$AF33,$AK$5) | AL33: =COUNTIF($B33:$AF33,$AL$5) | AM33: =COUNTIF($B33:$AF33,$AM$5) | AN33: =COUNTIF($B33:$AF33,$AN$5)
A34: =Jan!A34 | AG34: =COUNTIF($B34:$AF34,$AG$5) | AH34: =COUNTIF($B34:$AF34,$AH$5) | AI34: =COUNTIF($B34:$AF34,$AI$5) | AJ34: =COUNTIF($B34:$AF34,$AJ$5) | AK34: =COUNTIF($B34:$AF34,$AK$5) | AL34: =COUNTIF($B34:$AF34,$AL$5) | AM34: =COUNTIF($B34:$AF34,$AM$5) | AN34: =COUNTIF($B34:$AF34,$AN$5)
AG35: =COUNTIF($B35:$AF35,$AG$5) | AH35: =COUNTIF($B35:$AF35,$AH$5) | AI35: =COUNTIF($B35:$AF35,$AI$5) | AJ35: =COUNTIF($B35:$AF35,$AJ$5) | AK35: =COUNTIF($B35:$AF35,$AK$5) | AL35: =COUNTIF($B35:$AF35,$AL$5) | AM35: =COUNTIF($B35:$AF35,$AM$5) | AN35: =COUNTIF($B35:$AF35,$AN$5)
A36: =Jan!A36 | AG36: =COUNTIF($B36:$AF36,$AG$5) | AH36: =COUNTIF($B36:$AF36,$AH$5) | AI36: =COUNTIF($B36:$AF36,$AI$5) | AJ36: =COUNTIF($B36:$AF36,$AJ$5) | AK36: =COUNTIF($B36:$AF36,$AK$5) | AL36: =COUNTIF($B36:$AF36,$AL$5) | AM36: =COUNTIF($B36:$AF36,$AM$5) | AN36: =COUNTIF($B36:$AF36,$AN$5)
AG37: =COUNTIF($B37:$AF37,$AG$5) | AH37: =COUNTIF($B37:$AF37,$AH$5) | AI37: =COUNTIF($B37:$AF37,$AI$5) | AJ37: =COUNTIF($B37:$AF37,$AJ$5) | AK37: =COUNTIF($B37:$AF37,$AK$5) | AL37: =COUNTIF($B37:$AF37,$AL$5) | AM37: =COUNTIF($B37:$AF37,$AM$5) | AN37: =COUNTIF($B37:$AF37,$AN$5)
A38: =Jan!A38 | AG38: =COUNTIF($B38:$AF38,$AG$5) | AH38: =COUNTIF($B38:$AF38,$AH$5) | AI38: =COUNTIF($B38:$AF38,$AI$5) | AJ38: =COUNTIF($B38:$AF38,$AJ$5) | AK38: =COUNTIF($B38:$AF38,$AK$5) | AL38: =COUNTIF($B38:$AF38,$AL$5) | AM38: =COUNTIF($B38:$AF38,$AM$5) | AN38: =COUNTIF($B38:$AF38,$AN$5)
AG39: =COUNTIF($B39:$AF39,$AG$5) | AH39: =COUNTIF($B39:$AF39,$AH$5) | AI39: =COUNTIF($B39:$AF39,$AI$5) | AJ39: =COUNTIF($B39:$AF39,$AJ$5) | AK39: =COUNTIF($B39:$AF39,$AK$5) | AL39: =COUNTIF($B39:$AF39,$AL$5) | AM39: =COUNTIF($B39:$AF39,$AM$5) | AN39: =COUNTIF($B39:$AF39,$AN$5)
A40: =Jan!A40 | AG40: =COUNTIF($B40:$AF40,$AG$5) | AH40: =COUNTIF($B40:$AF40,$AH$5) | AI40: =COUNTIF($B40:$AF40,$AI$5) | AJ40: =COUNTIF($B40:$AF40,$AJ$5) | AK40: =COUNTIF($B40:$AF40,$AK$5) | AL40: =COUNTIF($B40:$AF40,$AL$5) | AM40: =COUNTIF($B40:$AF40,$AM$5) | AN40: =COUNTIF($B40:$AF40,$AN$5)
AG41: =COUNTIF($B41:$AF41,$AG$5) | AH41: =COUNTIF($B41:$AF41,$AH$5) | AI41: =COUNTIF($B41:$AF41,$AI$5) | AJ41: =COUNTIF($B41:$AF41,$AJ$5) | AK41: =COUNTIF($B41:$AF41,$AK$5) | AL41: =COUNTIF($B41:$AF41,$AL$5) | AM41: =COUNTIF($B41:$AF41,$AM$5) | AN41: =COUNTIF($B41:$AF41,$AN$5)
A42: =Jan!A42 | AG42: =COUNTIF($B42:$AF42,$AG$5) | AH42: =COUNTIF($B42:$AF42,$AH$5) | AI42: =COUNTIF($B42:$AF42,$AI$5) | AJ42: =COUNTIF($B42:$AF42,$AJ$5) | AK42: =COUNTIF($B42:$AF42,$AK$5) | AL42: =COUNTIF($B42:$AF42,$AL$5) | AM42: =COUNTIF($B42:$AF42,$AM$5) | AN42: =COUNTIF($B42:$AF42,$AN$5)
AG43: =COUNTIF($B43:$AF43,$AG$5) | AH43: =COUNTIF($B43:$AF43,$AH$5) | AI43: =COUNTIF($B43:$AF43,$AI$5) | AJ43: =COUNTIF($B43:$AF43,$AJ$5) | AK43: =COUNTIF($B43:$AF43,$AK$5) | AL43: =COUNTIF($B43:$AF43,$AL$5) | AM43: =COUNTIF($B43:$AF43,$AM$5) | AN43: =COUNTIF($B43:$AF43,$AN$5)
A44: =Jan!A44 | AG44: =COUNTIF($B44:$AF44,$AG$5) | AH44: =COUNTIF($B44:$AF44,$AH$5) | AI44: =COUNTIF($B44:$AF44,$AI$5) | AJ44: =COUNTIF($B44:$AF44,$AJ$5) | AK44: =COUNTIF($B44:$AF44,$AK$5) | AL44: =COUNTIF($B44:$AF44,$AL$5) | AM44: =COUNTIF($B44:$AF44,$AM$5) | AN44: =COUNTIF($B44:$AF44,$AN$5)
AG45: =COUNTIF($B45:$AF45,$AG$5) | AH45: =COUNTIF($B45:$AF45,$AH$5) | AI45: =COUNTIF($B45:$AF45,$AI$5) | AJ45: =COUNTIF($B45:$AF45,$AJ$5) | AK45: =COUNTIF($B45:$AF45,$AK$5) | AL45: =COUNTIF($B45:$AF45,$AL$5) | AM45: =COUNTIF($B45:$AF45,$AM$5) | AN45: =COUNTIF($B45:$AF45,$AN$5)
A46: =Jan!A46 | AG46: =COUNTIF($B46:$AF46,$AG$5) | AH46: =COUNTIF($B46:$AF46,$AH$5) | AI46: =COUNTIF($B46:$AF46,$AI$5) | AJ46: =COUNTIF($B46:$AF46,$AJ$5) | AK46: =COUNTIF($B46:$AF46,$AK$5) | AL46: =COUNTIF($B46:$AF46,$AL$5) | AM46: =COUNTIF($B46:$AF46,$AM$5) | AN46: =COUNTIF($B46:$AF46,$AN$5)
AG47: =COUNTIF($B47:$AF47,$AG$5) | AH47: =COUNTIF($B47:$AF47,$AH$5) | AI47: =COUNTIF($B47:$AF47,$AI$5) | AJ47: =COUNTIF($B47:$AF47,$AJ$5) | AK47: =COUNTIF($B47:$AF47,$AK$5) | AL47: =COUNTIF($B47:$AF47,$AL$5) | AM47: =COUNTIF($B47:$AF47,$AM$5) | AN47: =COUNTIF($B47:$AF47,$AN$5)
A48: =Jan!A48 | AG48: =COUNTIF($B48:$AF48,$AG$5) | AH48: =COUNTIF($B48:$AF48,$AH$5) | AI48: =COUNTIF($B48:$AF48,$AI$5) | AJ48: =COUNTIF($B48:$AF48,$AJ$5) | AK48: =COUNTIF($B48:$AF48,$AK$5) | AL48: =COUNTIF($B48:$AF48,$AL$5) | AM48: =COUNTIF($B48:$AF48,$AM$5) | AN48: =COUNTIF($B48:$AF48,$AN$5)
AG49: =COUNTIF($B49:$AF49,$AG$5) | AH49: =COUNTIF($B49:$AF49,$AH$5) | AI49: =COUNTIF($B49:$AF49,$AI$5) | AJ49: =COUNTIF($B49:$AF49,$AJ$5) | AK49: =COUNTIF($B49:$AF49,$AK$5) | AL49: =COUNTIF($B49:$AF49,$AL$5) | AM49: =COUNTIF($B49:$AF49,$AM$5) | AN49: =COUNTIF($B49:$AF49,$AN$5)

Sheet Dec
A1: PREASONT REPORT IN THE MONTH OF DEC 2015
A3: A - ABSENT | B3: L - LEAVE | F3: WO - WEEKLY OFF | K3: PH - PUBLIC HOLIDAY | P3: CO - COMP. OFF | U3: ML - MEDICAL. LEAVE | AA3: ODK - WORK AT KARAI
B4: CALENDER DATES
A5: NAME | B5: 1 | C5: 2 | D5: 3 | E5: 4 | F5: 5 | G5: 6 | H5: 7 | I5: 8 | J5: 9 | K5: 10 | L5: 11 | M5: 12 | N5: 13 | O5: 14 | P5: 15 | Q5: 16 | R5: 17 | S5: 18 | T5: 19 | U5: 20 | V5: 21 | W5: 22 | X5: 23 | Y5: 24 | Z5: 25 | AA5: 26 | AB5: 27 | AC5: 28 | AD5: 29 | AE5: 30 | AF5: 31 | AG5: P | AH5: ODK | AI5: A | AJ5: L | AK5: WO | AL5: PH | AM5: CO | AN5: ML | AO5: REMARKS
A6: =Jan!A6 | AG6: =COUNTIF($B6:$AF6,$AG$5) | AH6: =COUNTIF($B6:$AF6,$AH$5) | AI6: =COUNTIF($B6:$AF6,$AI$5) | AJ6: =COUNTIF($B6:$AF6,$AJ$5) | AK6: =COUNTIF($B6:$AF6,$AK$5) | AL6: =COUNTIF($B6:$AF6,$AL$5) | AM6: =COUNTIF($B6:$AF6,$AM$5) | AN6: =COUNTIF($B6:$AF6,$AN$5) | AO6: 1 COM-OFF
AG7: =COUNTIF($B7:$AF7,$AG$5) | AH7: =COUNTIF($B7:$AF7,$AH$5) | AI7: =COUNTIF($B7:$AF7,$AI$5) | AJ7: =COUNTIF($B7:$AF7,$AJ$5) | AK7: =COUNTIF($B7:$AF7,$AK$5) | AL7: =COUNTIF($B7:$AF7,$AL$5) | AM7: =COUNTIF($B7:$AF7,$AM$5) | AN7: =COUNTIF($B7:$AF7,$AN$5)
A8: =Jan!A8 | AG8: =COUNTIF($B8:$AF8,$AG$5) | AH8: =COUNTIF($B8:$AF8,$AH$5) | AI8: =COUNTIF($B8:$AF8,$AI$5) | AJ8: =COUNTIF($B8:$AF8,$AJ$5) | AK8: =COUNTIF($B8:$AF8,$AK$5) | AL8: =COUNTIF($B8:$AF8,$AL$5) | AM8: =COUNTIF($B8:$AF8,$AM$5) | AN8: =COUNTIF($B8:$AF8,$AN$5)
AG9: =COUNTIF($B9:$AF9,$AG$5) | AH9: =COUNTIF($B9:$AF9,$AH$5) | AI9: =COUNTIF($B9:$AF9,$AI$5) | AJ9: =COUNTIF($B9:$AF9,$AJ$5) | AK9: =COUNTIF($B9:$AF9,$AK$5) | AL9: =COUNTIF($B9:$AF9,$AL$5) | AM9: =COUNTIF($B9:$AF9,$AM$5) | AN9: =COUNTIF($B9:$AF9,$AN$5)
A10: =Jan!A10 | AG10: =COUNTIF($B10:$AF10,$AG$5) | AH10: =COUNTIF($B10:$AF10,$AH$5) | AI10: =COUNTIF($B10:$AF10,$AI$5) | AJ10: =COUNTIF($B10:$AF10,$AJ$5) | AK10: =COUNTIF($B10:$AF10,$AK$5) | AL10: =COUNTIF($B10:$AF10,$AL$5) | AM10: =COUNTIF($B10:$AF10,$AM$5) | AN10: =COUNTIF($B10:$AF10,$AN$5)
AG11: =COUNTIF($B11:$AF11,$AG$5) | AH11: =COUNTIF($B11:$AF11,$AH$5) | AI11: =COUNTIF($B11:$AF11,$AI$5) | AJ11: =COUNTIF($B11:$AF11,$AJ$5) | AK11: =COUNTIF($B11:$AF11,$AK$5) | AL11: =COUNTIF($B11:$AF11,$AL$5) | AM11: =COUNTIF($B11:$AF11,$AM$5) | AN11: =COUNTIF($B11:$AF11,$AN$5)
A12: =Jan!A12 | AG12: =COUNTIF($B12:$AF12,$AG$5) | AH12: =COUNTIF($B12:$AF12,$AH$5) | AI12: =COUNTIF($B12:$AF12,$AI$5) | AJ12: =COUNTIF($B12:$AF12,$AJ$5) | AK12: =COUNTIF($B12:$AF12,$AK$5) | AL12: =COUNTIF($B12:$AF12,$AL$5) | AM12: =COUNTIF($B12:$AF12,$AM$5) | AN12: =COUNTIF($B12:$AF12,$AN$5)
AG13: =COUNTIF($B13:$AF13,$AG$5) | AH13: =COUNTIF($B13:$AF13,$AH$5) | AI13: =COUNTIF($B13:$AF13,$AI$5) | AJ13: =COUNTIF($B13:$AF13,$AJ$5) | AK13: =COUNTIF($B13:$AF13,$AK$5) | AL13: =COUNTIF($B13:$AF13,$AL$5) | AM13: =COUNTIF($B13:$AF13,$AM$5) | AN13: =COUNTIF($B13:$AF13,$AN$5)
A14: =Jan!A14 | AG14: =COUNTIF($B14:$AF14,$AG$5) | AH14: =COUNTIF($B14:$AF14,$AH$5) | AI14: =COUNTIF($B14:$AF14,$AI$5) | AJ14: =COUNTIF($B14:$AF14,$AJ$5) | AK14: =COUNTIF($B14:$AF14,$AK$5) | AL14: =COUNTIF($B14:$AF14,$AL$5) | AM14: =COUNTIF($B14:$AF14,$AM$5) | AN14: =COUNTIF($B14:$AF14,$AN$5)
AG15: =COUNTIF($B15:$AF15,$AG$5) | AH15: =COUNTIF($B15:$AF15,$AH$5) | AI15: =COUNTIF($B15:$AF15,$AI$5) | AJ15: =COUNTIF($B15:$AF15,$AJ$5) | AK15: =COUNTIF($B15:$AF15,$AK$5) | AL15: =COUNTIF($B15:$AF15,$AL$5) | AM15: =COUNTIF($B15:$AF15,$AM$5) | AN15: =COUNTIF($B15:$AF15,$AN$5)
A16: =Jan!A16 | AG16: =COUNTIF($B16:$AF16,$AG$5) | AH16: =COUNTIF($B16:$AF16,$AH$5) | AI16: =COUNTIF($B16:$AF16,$AI$5) | AJ16: =COUNTIF($B16:$AF16,$AJ$5) | AK16: =COUNTIF($B16:$AF16,$AK$5) | AL16: =COUNTIF($B16:$AF16,$AL$5) | AM16: =COUNTIF($B16:$AF16,$AM$5) | AN16: =COUNTIF($B16:$AF16,$AN$5)
AG17: =COUNTIF($B17:$AF17,$AG$5) | AH17: =COUNTIF($B17:$AF17,$AH$5) | AI17: =COUNTIF($B17:$AF17,$AI$5) | AJ17: =COUNTIF($B17:$AF17,$AJ$5) | AK17: =COUNTIF($B17:$AF17,$AK$5) | AL17: =COUNTIF($B17:$AF17,$AL$5) | AM17: =COUNTIF($B17:$AF17,$AM$5) | AN17: =COUNTIF($B17:$AF17,$AN$5)
A18: =Jan!A18 | AG18: =COUNTIF($B18:$AF18,$AG$5) | AH18: =COUNTIF($B18:$AF18,$AH$5) | AI18: =COUNTIF($B18:$AF18,$AI$5) | AJ18: =COUNTIF($B18:$AF18,$AJ$5) | AK18: =COUNTIF($B18:$AF18,$AK$5) | AL18: =COUNTIF($B18:$AF18,$AL$5) | AM18: =COUNTIF($B18:$AF18,$AM$5) | AN18: =COUNTIF($B18:$AF18,$AN$5)
AG19: =COUNTIF($B19:$AF19,$AG$5) | AH19: =COUNTIF($B19:$AF19,$AH$5) | AI19: =COUNTIF($B19:$AF19,$AI$5) | AJ19: =COUNTIF($B19:$AF19,$AJ$5) | AK19: =COUNTIF($B19:$AF19,$AK$5) | AL19: =COUNTIF($B19:$AF19,$AL$5) | AM19: =COUNTIF($B19:$AF19,$AM$5) | AN19: =COUNTIF($B19:$AF19,$AN$5)
A20: =Jan!A20 | AG20: =COUNTIF($B20:$AF20,$AG$5) | AH20: =COUNTIF($B20:$AF20,$AH$5) | AI20: =COUNTIF($B20:$AF20,$AI$5) | AJ20: =COUNTIF($B20:$AF20,$AJ$5) | AK20: =COUNTIF($B20:$AF20,$AK$5) | AL20: =COUNTIF($B20:$AF20,$AL$5) | AM20: =COUNTIF($B20:$AF20,$AM$5) | AN20: =COUNTIF($B20:$AF20,$AN$5)
AG21: =COUNTIF($B21:$AF21,$AG$5) | AH21: =COUNTIF($B21:$AF21,$AH$5) | AI21: =COUNTIF($B21:$AF21,$AI$5) | AJ21: =COUNTIF($B21:$AF21,$AJ$5) | AK21: =COUNTIF($B21:$AF21,$AK$5) | AL21: =COUNTIF($B21:$AF21,$AL$5) | AM21: =COUNTIF($B21:$AF21,$AM$5) | AN21: =COUNTIF($B21:$AF21,$AN$5)
A22: =Jan!A22 | AG22: =COUNTIF($B22:$AF22,$AG$5) | AH22: =COUNTIF($B22:$AF22,$AH$5) | AI22: =COUNTIF($B22:$AF22,$AI$5) | AJ22: =COUNTIF($B22:$AF22,$AJ$5) | AK22: =COUNTIF($B22:$AF22,$AK$5) | AL22: =COUNTIF($B22:$AF22,$AL$5) | AM22: =COUNTIF($B22:$AF22,$AM$5) | AN22: =COUNTIF($B22:$AF22,$AN$5)
AG23: =COUNTIF($B23:$AF23,$AG$5) | AH23: =COUNTIF($B23:$AF23,$AH$5) | AI23: =COUNTIF($B23:$AF23,$AI$5) | AJ23: =COUNTIF($B23:$AF23,$AJ$5) | AK23: =COUNTIF($B23:$AF23,$AK$5) | AL23: =COUNTIF($B23:$AF23,$AL$5) | AM23: =COUNTIF($B23:$AF23,$AM$5) | AN23: =COUNTIF($B23:$AF23,$AN$5)
A24: =Jan!A24 | AG24: =COUNTIF($B24:$AF24,$AG$5) | AH24: =COUNTIF($B24:$AF24,$AH$5) | AI24: =COUNTIF($B24:$AF24,$AI$5) | AJ24: =COUNTIF($B24:$AF24,$AJ$5) | AK24: =COUNTIF($B24:$AF24,$AK$5) | AL24: =COUNTIF($B24:$AF24,$AL$5) | AM24: =COUNTIF($B24:$AF24,$AM$5) | AN24: =COUNTIF($B24:$AF24,$AN$5)
AG25: =COUNTIF($B25:$AF25,$AG$5) | AH25: =COUNTIF($B25:$AF25,$AH$5) | AI25: =COUNTIF($B25:$AF25,$AI$5) | AJ25: =COUNTIF($B25:$AF25,$AJ$5) | AK25: =COUNTIF($B25:$AF25,$AK$5) | AL25: =COUNTIF($B25:$AF25,$AL$5) | AM25: =COUNTIF($B25:$AF25,$AM$5) | AN25: =COUNTIF($B25:$AF25,$AN$5)
A26: =Jan!A26 | AG26: =COUNTIF($B26:$AF26,$AG$5) | AH26: =COUNTIF($B26:$AF26,$AH$5) | AI26: =COUNTIF($B26:$AF26,$AI$5) | AJ26: =COUNTIF($B26:$AF26,$AJ$5) | AK26: =COUNTIF($B26:$AF26,$AK$5) | AL26: =COUNTIF($B26:$AF26,$AL$5) | AM26: =COUNTIF($B26:$AF26,$AM$5) | AN26: =COUNTIF($B26:$AF26,$AN$5)
AG27: =COUNTIF($B27:$AF27,$AG$5) | AH27: =COUNTIF($B27:$AF27,$AH$5) | AI27: =COUNTIF($B27:$AF27,$AI$5) | AJ27: =COUNTIF($B27:$AF27,$AJ$5) | AK27: =COUNTIF($B27:$AF27,$AK$5) | AL27: =COUNTIF($B27:$AF27,$AL$5) | AM27: =COUNTIF($B27:$AF27,$AM$5) | AN27: =COUNTIF($B27:$AF27,$AN$5)
A28: =Jan!A28 | AG28: =COUNTIF($B28:$AF28,$AG$5) | AH28: =COUNTIF($B28:$AF28,$AH$5) | AI28: =COUNTIF($B28:$AF28,$AI$5) | AJ28: =COUNTIF($B28:$AF28,$AJ$5) | AK28: =COUNTIF($B28:$AF28,$AK$5) | AL28: =COUNTIF($B28:$AF28,$AL$5) | AM28: =COUNTIF($B28:$AF28,$AM$5) | AN28: =COUNTIF($B28:$AF28,$AN$5)
AG29: =COUNTIF($B29:$AF29,$AG$5) | AH29: =COUNTIF($B29:$AF29,$AH$5) | AI29: =COUNTIF($B29:$AF29,$AI$5) | AJ29: =COUNTIF($B29:$AF29,$AJ$5) | AK29: =COUNTIF($B29:$AF29,$AK$5) | AL29: =COUNTIF($B29:$AF29,$AL$5) | AM29: =COUNTIF($B29:$AF29,$AM$5) | AN29: =COUNTIF($B29:$AF29,$AN$5)
A30: =Jan!A30 | AG30: =COUNTIF($B30:$AF30,$AG$5) | AH30: =COUNTIF($B30:$AF30,$AH$5) | AI30: =COUNTIF($B30:$AF30,$AI$5) | AJ30: =COUNTIF($B30:$AF30,$AJ$5) | AK30: =COUNTIF($B30:$AF30,$AK$5) | AL30: =COUNTIF($B30:$AF30,$AL$5) | AM30: =COUNTIF($B30:$AF30,$AM$5) | AN30: =COUNTIF($B30:$AF30,$AN$5)
AG31: =COUNTIF($B31:$AF31,$AG$5) | AH31: =COUNTIF($B31:$AF31,$AH$5) | AI31: =COUNTIF($B31:$AF31,$AI$5) | AJ31: =COUNTIF($B31:$AF31,$AJ$5) | AK31: =COUNTIF($B31:$AF31,$AK$5) | AL31: =COUNTIF($B31:$AF31,$AL$5) | AM31: =COUNTIF($B31:$AF31,$AM$5) | AN31: =COUNTIF($B31:$AF31,$AN$5)
A32: =Jan!A32 | AG32: =COUNTIF($B32:$AF32,$AG$5) | AH32: =COUNTIF($B32:$AF32,$AH$5) | AI32: =COUNTIF($B32:$AF32,$AI$5) | AJ32: =COUNTIF($B32:$AF32,$AJ$5) | AK32: =COUNTIF($B32:$AF32,$AK$5) | AL32: =COUNTIF($B32:$AF32,$AL$5) | AM32: =COUNTIF($B32:$AF32,$AM$5) | AN32: =COUNTIF($B32:$AF32,$AN$5)
AG33: =COUNTIF($B33:$AF33,$AG$5) | AH33: =COUNTIF($B33:$AF33,$AH$5) | AI33: =COUNTIF($B33:$AF33,$AI$5) | AJ33: =COUNTIF($B33:$AF33,$AJ$5) | AK33: =COUNTIF($B33:$AF33,$AK$5) | AL33: =COUNTIF($B33:$AF33,$AL$5) | AM33: =COUNTIF($B33:$AF33,$AM$5) | AN33: =COUNTIF($B33:$AF33,$AN$5)
A34: =Jan!A34 | AG34: =COUNTIF($B34:$AF34,$AG$5) | AH34: =COUNTIF($B34:$AF34,$AH$5) | AI34: =COUNTIF($B34:$AF34,$AI$5) | AJ34: =COUNTIF($B34:$AF34,$AJ$5) | AK34: =COUNTIF($B34:$AF34,$AK$5) | AL34: =COUNTIF($B34:$AF34,$AL$5) | AM34: =COUNTIF($B34:$AF34,$AM$5) | AN34: =COUNTIF($B34:$AF34,$AN$5)
AG35: =COUNTIF($B35:$AF35,$AG$5) | AH35: =COUNTIF($B35:$AF35,$AH$5) | AI35: =COUNTIF($B35:$AF35,$AI$5) | AJ35: =COUNTIF($B35:$AF35,$AJ$5) | AK35: =COUNTIF($B35:$AF35,$AK$5) | AL35: =COUNTIF($B35:$AF35,$AL$5) | AM35: =COUNTIF($B35:$AF35,$AM$5) | AN35: =COUNTIF($B35:$AF35,$AN$5)
A36: =Jan!A36 | AG36: =COUNTIF($B36:$AF36,$AG$5) | AH36: =COUNTIF($B36:$AF36,$AH$5) | AI36: =COUNTIF($B36:$AF36,$AI$5) | AJ36: =COUNTIF($B36:$AF36,$AJ$5) | AK36: =COUNTIF($B36:$AF36,$AK$5) | AL36: =COUNTIF($B36:$AF36,$AL$5) | AM36: =COUNTIF($B36:$AF36,$AM$5) | AN36: =COUNTIF($B36:$AF36,$AN$5)
AG37: =COUNTIF($B37:$AF37,$AG$5) | AH37: =COUNTIF($B37:$AF37,$AH$5) | AI37: =COUNTIF($B37:$AF37,$AI$5) | AJ37: =COUNTIF($B37:$AF37,$AJ$5) | AK37: =COUNTIF($B37:$AF37,$AK$5) | AL37: =COUNTIF($B37:$AF37,$AL$5) | AM37: =COUNTIF($B37:$AF37,$AM$5) | AN37: =COUNTIF($B37:$AF37,$AN$5)
A38: =Jan!A38 | AG38: =COUNTIF($B38:$AF38,$AG$5) | AH38: =COUNTIF($B38:$AF38,$AH$5) | AI38: =COUNTIF($B38:$AF38,$AI$5) | AJ38: =COUNTIF($B38:$AF38,$AJ$5) | AK38: =COUNTIF($B38:$AF38,$AK$5) | AL38: =COUNTIF($B38:$AF38,$AL$5) | AM38: =COUNTIF($B38:$AF38,$AM$5) | AN38: =COUNTIF($B38:$AF38,$AN$5)
AG39: =COUNTIF($B39:$AF39,$AG$5) | AH39: =COUNTIF($B39:$AF39,$AH$5) | AI39: =COUNTIF($B39:$AF39,$AI$5) | AJ39: =COUNTIF($B39:$AF39,$AJ$5) | AK39: =COUNTIF($B39:$AF39,$AK$5) | AL39: =COUNTIF($B39:$AF39,$AL$5) | AM39: =COUNTIF($B39:$AF39,$AM$5) | AN39: =COUNTIF($B39:$AF39,$AN$5)
A40: =Jan!A40 | AG40: =COUNTIF($B40:$AF40,$AG$5) | AH40: =COUNTIF($B40:$AF40,$AH$5) | AI40: =COUNTIF($B40:$AF40,$AI$5) | AJ40: =COUNTIF($B40:$AF40,$AJ$5) | AK40: =COUNTIF($B40:$AF40,$AK$5) | AL40: =COUNTIF($B40:$AF40,$AL$5) | AM40: =COUNTIF($B40:$AF40,$AM$5) | AN40: =COUNTIF($B40:$AF40,$AN$5)
AG41: =COUNTIF($B41:$AF41,$AG$5) | AH41: =COUNTIF($B41:$AF41,$AH$5) | AI41: =COUNTIF($B41:$AF41,$AI$5) | AJ41: =COUNTIF($B41:$AF41,$AJ$5) | AK41: =COUNTIF($B41:$AF41,$AK$5) | AL41: =COUNTIF($B41:$AF41,$AL$5) | AM41: =COUNTIF($B41:$AF41,$AM$5) | AN41: =COUNTIF($B41:$AF41,$AN$5)
A42: =Jan!A42 | AG42: =COUNTIF($B42:$AF42,$AG$5) | AH42: =COUNTIF($B42:$AF42,$AH$5) | AI42: =COUNTIF($B42:$AF42,$AI$5) | AJ42: =COUNTIF($B42:$AF42,$AJ$5) | AK42: =COUNTIF($B42:$AF42,$AK$5) | AL42: =COUNTIF($B42:$AF42,$AL$5) | AM42: =COUNTIF($B42:$AF42,$AM$5) | AN42: =COUNTIF($B42:$AF42,$AN$5)
AG43: =COUNTIF($B43:$AF43,$AG$5) | AH43: =COUNTIF($B43:$AF43,$AH$5) | AI43: =COUNTIF($B43:$AF43,$AI$5) | AJ43: =COUNTIF($B43:$AF43,$AJ$5) | AK43: =COUNTIF($B43:$AF43,$AK$5) | AL43: =COUNTIF($B43:$AF43,$AL$5) | AM43: =COUNTIF($B43:$AF43,$AM$5) | AN43: =COUNTIF($B43:$AF43,$AN$5)
A44: =Jan!A44 | AG44: =COUNTIF($B44:$AF44,$AG$5) | AH44: =COUNTIF($B44:$AF44,$AH$5) | AI44: =COUNTIF($B44:$AF44,$AI$5) | AJ44: =COUNTIF($B44:$AF44,$AJ$5) | AK44: =COUNTIF($B44:$AF44,$AK$5) | AL44: =COUNTIF($B44:$AF44,$AL$5) | AM44: =COUNTIF($B44:$AF44,$AM$5) | AN44: =COUNTIF($B44:$AF44,$AN$5)
AG45: =COUNTIF($B45:$AF45,$AG$5) | AH45: =COUNTIF($B45:$AF45,$AH$5) | AI45: =COUNTIF($B45:$AF45,$AI$5) | AJ45: =COUNTIF($B45:$AF45,$AJ$5) | AK45: =COUNTIF($B45:$AF45,$AK$5) | AL45: =COUNTIF($B45:$AF45,$AL$5) | AM45: =COUNTIF($B45:$AF45,$AM$5) | AN45: =COUNTIF($B45:$AF45,$AN$5)
A46: =Jan!A46 | AG46: =COUNTIF($B46:$AF46,$AG$5) | AH46: =COUNTIF($B46:$AF46,$AH$5) | AI46: =COUNTIF($B46:$AF46,$AI$5) | AJ46: =COUNTIF($B46:$AF46,$AJ$5) | AK46: =COUNTIF($B46:$AF46,$AK$5) | AL46: =COUNTIF($B46:$AF46,$AL$5) | AM46: =COUNTIF($B46:$AF46,$AM$5) | AN46: =COUNTIF($B46:$AF46,$AN$5)
AG47: =COUNTIF($B47:$AF47,$AG$5) | AH47: =COUNTIF($B47:$AF47,$AH$5) | AI47: =COUNTIF($B47:$AF47,$AI$5) | AJ47: =COUNTIF($B47:$AF47,$AJ$5) | AK47: =COUNTIF($B47:$AF47,$AK$5) | AL47: =COUNTIF($B47:$AF47,$AL$5) | AM47: =COUNTIF($B47:$AF47,$AM$5) | AN47: =COUNTIF($B47:$AF47,$AN$5)
A48: =Jan!A48 | AG48: =COUNTIF($B48:$AF48,$AG$5) | AH48: =COUNTIF($B48:$AF48,$AH$5) | AI48: =COUNTIF($B48:$AF48,$AI$5) | AJ48: =COUNTIF($B48:$AF48,$AJ$5) | AK48: =COUNTIF($B48:$AF48,$AK$5) | AL48: =COUNTIF($B48:$AF48,$AL$5) | AM48: =COUNTIF($B48:$AF48,$AM$5) | AN48: =COUNTIF($B48:$AF48,$AN$5)
AG49: =COUNTIF($B49:$AF49,$AG$5) | AH49: =COUNTIF($B49:$AF49,$AH$5) | AI49: =COUNTIF($B49:$AF49,$AI$5) | AJ49: =COUNTIF($B49:$AF49,$AJ$5) | AK49: =COUNTIF($B49:$AF49,$AK$5) | AL49: =COUNTIF($B49:$AF49,$AL$5) | AM49: =COUNTIF($B49:$AF49,$AM$5) | AN49: =COUNTIF($B49:$AF49,$AN$5)

Sheet Total
A1: YEARLY ATTENDANCE REPORT - 2015 | N1: YEARLY SUMMARY OF ATTENDANCE - 2015
N3: NAME : | O3: PETER NORONHA
A4: NAME | B4: P | C4: ODK | D4: A | E4: L | F4: WO | G4: PH | H4: CO | I4: ML | J4: REMARKS | O4: JAN | P4: FEB | Q4: MAR | R4: APR | S4: MAY | T4: JUN | U4: JUL | V4: AUG | W4: SEP | X4: OCT | Y4: NOV | Z4: DEC
A5: =Jan!A6 | B5: =(Jan!AG6+Feb!AG6+Mar!AG6+Apr!AG6+May!AG6+Jun!AG6+Jul!AG6+Aug!AG6+Sep!AG6+Oct!AG6+Nov!AG6+Dec!AG6+Jan!AG7+Feb!AG7+Mar!AG7+Apr!AG7+May!AG7+Jun!AG7+Jul!AG7+Aug!AG7+Sep!AG7+Oct!AG7+Nov!AG7+Dec!AG7)/2 | C5: =(Jan!AH6+Feb!AH6+Mar!AH6+Apr!AH6+May!AH6+Jun!AH6+Jul!AH6+Aug!AH6+Sep!AH6+Oct!AH6+Nov!AH6+Dec!AH6+Jan!AH7+Feb!AH7+Mar!AH7+Apr!AH7+May!AH7+Jun!AH7+Jul!AH7+Aug!AH7+Sep!AH7+Oct!AH7+Nov!AH7+Dec!AH7)/2 | D5: =(Jan!AI6+Feb!AI6+Mar!AI6+Apr!AI6+May!AI6+Jun!AI6+Jul!AI6+Aug!AI6+Sep!AI6+Oct!AI6+Nov!AI6+Dec!AI6+Jan!AI7+Feb!AI7+Mar!AI7+Apr!AI7+May!AI7+Jun!AI7+Jul!AI7+Aug!AI7+Sep!AI7+Oct!AI7+Nov!AI7+Dec!AI7)/2 | E5: =(Jan!AJ6+Feb!AJ6+Mar!AJ6+Apr!AJ6+May!AJ6+Jun!AJ6+Jul!AJ6+Aug!AJ6+Sep!AJ6+Oct!AJ6+Nov!AJ6+Dec!AJ6+Jan!AJ7+Feb!AJ7+Mar!AJ7+Apr!AJ7+May!AJ7+Jun!AJ7+Jul!AJ7+Aug!AJ7+Sep!AJ7+Oct!AJ7+Nov!AJ7+Dec!AJ7)/2 | F5: =(Jan!AK6+Feb!AK6+Mar!AK6+Apr!AK6+May!AK6+Jun!AK6+Jul!AK6+Aug!AK6+Sep!AK6+Oct!AK6+Nov!AK6+Dec!AK6+Jan!AK7+Feb!AK7+Mar!AK7+Apr!AK7+May!AK7+Jun!AK7+Jul!AK7+Aug!AK7+Sep!AK7+Oct!AK7+Nov!AK7+Dec!AK7)/2 | G5: =(Jan!AL6+Feb!AL6+Mar!AL6+Apr!AL6+May!AL6+Jun!AL6+Jul!AL6+Aug!AL6+Sep!AL6+Oct!AL6+Nov!AL6+Dec!AL6+Jan!AL7+Feb!AL7+Mar!AL7+Apr!AL7+May!AL7+Jun!AL7+Jul!AL7+Aug!AL7+Sep!AL7+Oct!AL7+Nov!AL7+Dec!AL7)/2 | H5: =(Jan!AM6+Feb!AM6+Mar!AM6+Apr!AM6+May!AM6+Jun!AM6+Jul!AM6+Aug!AM6+Sep!AM6+Oct!AM6+Nov!AM6+Dec!AM6+Jan!AM7+Feb!AM7+Mar!AM7+Apr!AM7+May!AM7+Jun!AM7+Jul!AM7+Aug!AM7+Sep!AM7+Oct!AM7+Nov!AM7+Dec!AM7)/2 | I5: =(Jan!AN6+Feb!AN6+Mar!AN6+Apr!AN6+May!AN6+Jun!AN6+Jul!AN6+Aug!AN6+Sep!AN6+Oct!AN6+Nov!AN6+Dec!AN6+Jan!AN7+Feb!AN7+Mar!AN7+Apr!AN7+May!AN7+Jun!AN7+Jul!AN7+Aug!AN7+Sep!AN7+Oct!AN7+Nov!AN7+Dec!AN7)/2 | M5: P | N5: PRESENT | O5: 4 | P5: 0 | Q5: 0 | R5: 0 | S5: 0 | T5: 0 | U5: 0 | V5: 0 | W5: 0 | X5: 0 | Y5: 0 | Z5: 0
A6: =Jan!A8 | B6: =(Jan!AG8+Feb!AG8+Mar!AG8+Apr!AG8+May!AG8+Jun!AG8+Jul!AG8+Aug!AG8+Sep!AG8+Oct!AG8+Nov!AG8+Dec!AG8+Jan!AG9+Feb!AG9+Mar!AG9+Apr!AG9+May!AG9+Jun!AG9+Jul!AG9+Aug!AG9+Sep!AG9+Oct!AG9+Nov!AG9+Dec!AG9)/2 | C6: =(Jan!AH8+Feb!AH8+Mar!AH8+Apr!AH8+May!AH8+Jun!AH8+Jul!AH8+Aug!AH8+Sep!AH8+Oct!AH8+Nov!AH8+Dec!AH8+Jan!AH9+Feb!AH9+Mar!AH9+Apr!AH9+May!AH9+Jun!AH9+Jul!AH9+Aug!AH9+Sep!AH9+Oct!AH9+Nov!AH9+Dec!AH9)/2 | D6: =(Jan!AI8+Feb!AI8+Mar!AI8+Apr!AI8+May!AI8+Jun!AI8+Jul!AI8+Aug!AI8+Sep!AI8+Oct!AI8+Nov!AI8+Dec!AI8+Jan!AI9+Feb!AI9+Mar!AI9+Apr!AI9+May!AI9+Jun!AI9+Jul!AI9+Aug!AI9+Sep!AI9+Oct!AI9+Nov!AI9+Dec!AI9)/2 | E6: =(Jan!AJ8+Feb!AJ8+Mar!AJ8+Apr!AJ8+May!AJ8+Jun!AJ8+Jul!AJ8+Aug!AJ8+Sep!AJ8+Oct!AJ8+Nov!AJ8+Dec!AJ8+Jan!AJ9+Feb!AJ9+Mar!AJ9+Apr!AJ9+May!AJ9+Jun!AJ9+Jul!AJ9+Aug!AJ9+Sep!AJ9+Oct!AJ9+Nov!AJ9+Dec!AJ9)/2 | F6: =(Jan!AK8+Feb!AK8+Mar!AK8+Apr!AK8+May!AK8+Jun!AK8+Jul!AK8+Aug!AK8+Sep!AK8+Oct!AK8+Nov!AK8+Dec!AK8+Jan!AK9+Feb!AK9+Mar!AK9+Apr!AK9+May!AK9+Jun!AK9+Jul!AK9+Aug!AK9+Sep!AK9+Oct!AK9+Nov!AK9+Dec!AK9)/2 | G6: =(Jan!AL8+Feb!AL8+Mar!AL8+Apr!AL8+May!AL8+Jun!AL8+Jul!AL8+Aug!AL8+Sep!AL8+Oct!AL8+Nov!AL8+Dec!AL8+Jan!AL9+Feb!AL9+Mar!AL9+Apr!AL9+May!AL9+Jun!AL9+Jul!AL9+Aug!AL9+Sep!AL9+Oct!AL9+Nov!AL9+Dec!AL9)/2 | H6: =(Jan!AM8+Feb!AM8+Mar!AM8+Apr!AM8+May!AM8+Jun!AM8+Jul!AM8+Aug!AM8+Sep!AM8+Oct!AM8+Nov!AM8+Dec!AM8+Jan!AM9+Feb!AM9+Mar!AM9+Apr!AM9+May!AM9+Jun!AM9+Jul!AM9+Aug!AM9+Sep!AM9+Oct!AM9+Nov!AM9+Dec!AM9)/2 | I6: =(Jan!AN8+Feb!AN8+Mar!AN8+Apr!AN8+May!AN8+Jun!AN8+Jul!AN8+Aug!AN8+Sep!AN8+Oct!AN8+Nov!AN8+Dec!AN8+Jan!AN9+Feb!AN9+Mar!AN9+Apr!AN9+May!AN9+Jun!AN9+Jul!AN9+Aug!AN9+Sep!AN9+Oct!AN9+Nov!AN9+Dec!AN9)/2 | M6: ODK | N6: WORK AT KARAI | O6: 2 | P6: 0 | Q6: 0 | R6: 0 | S6: 0 | T6: 0 | U6: 0 | V6: 0 | W6: 0 | X6: 0 | Y6: 0 | Z6: 0
A7: =Jan!A10 | B7: =(Jan!AG10+Feb!AG10+Mar!AG10+Apr!AG10+May!AG10+Jun!AG10+Jul!AG10+Aug!AG10+Sep!AG10+Oct!AG10+Nov!AG10+Dec!AG10+Jan!AG11+Feb!AG11+Mar!AG11+Apr!AG11+May!AG11+Jun!AG11+Jul!AG11+Aug!AG11+Sep!AG11+Oct!AG11+Nov!AG11+Dec!AG11)/2 | C7: =(Jan!AH10+Feb!AH10+Mar!AH10+Apr!AH10+May!AH10+Jun!AH10+Jul!AH10+Aug!AH10+Sep!AH10+Oct!AH10+Nov!AH10+Dec!AH10+Jan!AH11+Feb!AH11+Mar!AH11+Apr!AH11+May!AH11+Jun!AH11+Jul!AH11+Aug!AH11+Sep!AH11+Oct!AH11+Nov!AH11+Dec!AH11)/2 | D7: =(Jan!AI10+Feb!AI10+Mar!AI10+Apr!AI10+May!AI10+Jun!AI10+Jul!AI10+Aug!AI10+Sep!AI10+Oct!AI10+Nov!AI10+Dec!AI10+Jan!AI11+Feb!AI11+Mar!AI11+Apr!AI11+May!AI11+Jun!AI11+Jul!AI11+Aug!AI11+Sep!AI11+Oct!AI11+Nov!AI11+Dec!AI11)/2 | E7: =(Jan!AJ10+Feb!AJ10+Mar!AJ10+Apr!AJ10+May!AJ10+Jun!AJ10+Jul!AJ10+Aug!AJ10+Sep!AJ10+Oct!AJ10+Nov!AJ10+Dec!AJ10+Jan!AJ11+Feb!AJ11+Mar!AJ11+Apr!AJ11+May!AJ11+Jun!AJ11+Jul!AJ11+Aug!AJ11+Sep!AJ11+Oct!AJ11+Nov!AJ11+Dec!AJ11)/2 | F7: =(Jan!AK10+Feb!AK10+Mar!AK10+Apr!AK10+May!AK10+Jun!AK10+Jul!AK10+Aug!AK10+Sep!AK10+Oct!AK10+Nov!AK10+Dec!AK10+Jan!AK11+Feb!AK11+Mar!AK11+Apr!AK11+May!AK11+Jun!AK11+Jul!AK11+Aug!AK11+Sep!AK11+Oct!AK11+Nov!AK11+Dec!AK11)/2 | G7: =(Jan!AL10+Feb!AL10+Mar!AL10+Apr!AL10+May!AL10+Jun!AL10+Jul!AL10+Aug!AL10+Sep!AL10+Oct!AL10+Nov!AL10+Dec!AL10+Jan!AL11+Feb!AL11+Mar!AL11+Apr!AL11+May!AL11+Jun!AL11+Jul!AL11+Aug!AL11+Sep!AL11+Oct!AL11+Nov!AL11+Dec!AL11)/2 | H7: =(Jan!AM10+Feb!AM10+Mar!AM10+Apr!AM10+May!AM10+Jun!AM10+Jul!AM10+Aug!AM10+Sep!AM10+Oct!AM10+Nov!AM10+Dec!AM10+Jan!AM11+Feb!AM11+Mar!AM11+Apr!AM11+May!AM11+Jun!AM11+Jul!AM11+Aug!AM11+Sep!AM11+Oct!AM11+Nov!AM11+Dec!AM11)/2 | I7: =(Jan!AN10+Feb!AN10+Mar!AN10+Apr!AN10+May!AN10+Jun!AN10+Jul!AN10+Aug!AN10+Sep!AN10+Oct!AN10+Nov!AN10+Dec!AN10+Jan!AN11+Feb!AN11+Mar!AN11+Apr!AN11+May!AN11+Jun!AN11+Jul!AN11+Aug!AN11+Sep!AN11+Oct!AN11+Nov!AN11+Dec!AN11)/2 | M7: A | N7: ABSENT | O7: 0 | P7: 0 | Q7: 0 | R7: 0 | S7: 0 | T7: 0 | U7: 0 | V7: 0 | W7: 0 | X7: 0 | Y7: 0 | Z7: 0
A8: =Jan!A12 | B8: =(Jan!AG12+Feb!AG12+Mar!AG12+Apr!AG12+May!AG12+Jun!AG12+Jul!AG12+Aug!AG12+Sep!AG12+Oct!AG12+Nov!AG12+Dec!AG12+Jan!AG13+Feb!AG13+Mar!AG13+Apr!AG13+May!AG13+Jun!AG13+Jul!AG13+Aug!AG13+Sep!AG13+Oct!AG13+Nov!AG13+Dec!AG13)/2 | C8: =(Jan!AH12+Feb!AH12+Mar!AH12+Apr!AH12+May!AH12+Jun!AH12+Jul!AH12+Aug!AH12+Sep!AH12+Oct!AH12+Nov!AH12+Dec!AH12+Jan!AH13+Feb!AH13+Mar!AH13+Apr!AH13+May!AH13+Jun!AH13+Jul!AH13+Aug!AH13+Sep!AH13+Oct!AH13+Nov!AH13+Dec!AH13)/2 | D8: =(Jan!AI12+Feb!AI12+Mar!AI12+Apr!AI12+May!AI12+Jun!AI12+Jul!AI12+Aug!AI12+Sep!AI12+Oct!AI12+Nov!AI12+Dec!AI12+Jan!AI13+Feb!AI13+Mar!AI13+Apr!AI13+May!AI13+Jun!AI13+Jul!AI13+Aug!AI13+Sep!AI13+Oct!AI13+Nov!AI13+Dec!AI13)/2 | E8: =(Jan!AJ12+Feb!AJ12+Mar!AJ12+Apr!AJ12+May!AJ12+Jun!AJ12+Jul!AJ12+Aug!AJ12+Sep!AJ12+Oct!AJ12+Nov!AJ12+Dec!AJ12+Jan!AJ13+Feb!AJ13+Mar!AJ13+Apr!AJ13+May!AJ13+Jun!AJ13+Jul!AJ13+Aug!AJ13+Sep!AJ13+Oct!AJ13+Nov!AJ13+Dec!AJ13)/2 | F8: =(Jan!AK12+Feb!AK12+Mar!AK12+Apr!AK12+May!AK12+Jun!AK12+Jul!AK12+Aug!AK12+Sep!AK12+Oct!AK12+Nov!AK12+Dec!AK12+Jan!AK13+Feb!AK13+Mar!AK13+Apr!AK13+May!AK13+Jun!AK13+Jul!AK13+Aug!AK13+Sep!AK13+Oct!AK13+Nov!AK13+Dec!AK13)/2 | G8: =(Jan!AL12+Feb!AL12+Mar!AL12+Apr!AL12+May!AL12+Jun!AL12+Jul!AL12+Aug!AL12+Sep!AL12+Oct!AL12+Nov!AL12+Dec!AL12+Jan!AL13+Feb!AL13+Mar!AL13+Apr!AL13+May!AL13+Jun!AL13+Jul!AL13+Aug!AL13+Sep!AL13+Oct!AL13+Nov!AL13+Dec!AL13)/2 | H8: =(Jan!AM12+Feb!AM12+Mar!AM12+Apr!AM12+May!AM12+Jun!AM12+Jul!AM12+Aug!AM12+Sep!AM12+Oct!AM12+Nov!AM12+Dec!AM12+Jan!AM13+Feb!AM13+Mar!AM13+Apr!AM13+May!AM13+Jun!AM13+Jul!AM13+Aug!AM13+Sep!AM13+Oct!AM13+Nov!AM13+Dec!AM13)/2 | I8: =(Jan!AN12+Feb!AN12+Mar!AN12+Apr!AN12+May!AN12+Jun!AN12+Jul!AN12+Aug!AN12+Sep!AN12+Oct!AN12+Nov!AN12+Dec!AN12+Jan!AN13+Feb!AN13+Mar!AN13+Apr!AN13+May!AN13+Jun!AN13+Jul!AN13+Aug!AN13+Sep!AN13+Oct!AN13+Nov!AN13+Dec!AN13)/2 | M8: L | N8: LEAVE | O8: 0 | P8: 0 | Q8: 0 | R8: 0 | S8: 0 | T8: 0 | U8: 0 | V8: 0 | W8: 0 | X8: 0 | Y8: 0 | Z8: 0
A9: =Jan!A14 | B9: =(Jan!AG14+Feb!AG14+Mar!AG14+Apr!AG14+May!AG14+Jun!AG14+Jul!AG14+Aug!AG14+Sep!AG14+Oct!AG14+Nov!AG14+Dec!AG14+Jan!AG15+Feb!AG15+Mar!AG15+Apr!AG15+May!AG15+Jun!AG15+Jul!AG15+Aug!AG15+Sep!AG15+Oct!AG15+Nov!AG15+Dec!AG15)/2 | C9: =(Jan!AH14+Feb!AH14+Mar!AH14+Apr!AH14+May!AH14+Jun!AH14+Jul!AH14+Aug!AH14+Sep!AH14+Oct!AH14+Nov!AH14+Dec!AH14+Jan!AH15+Feb!AH15+Mar!AH15+Apr!AH15+May!AH15+Jun!AH15+Jul!AH15+Aug!AH15+Sep!AH15+Oct!AH15+Nov!AH15+Dec!AH15)/2 | D9: =(Jan!AI14+Feb!AI14+Mar!AI14+Apr!AI14+May!AI14+Jun!AI14+Jul!AI14+Aug!AI14+Sep!AI14+Oct!AI14+Nov!AI14+Dec!AI14+Jan!AI15+Feb!AI15+Mar!AI15+Apr!AI15+May!AI15+Jun!AI15+Jul!AI15+Aug!AI15+Sep!AI15+Oct!AI15+Nov!AI15+Dec!AI15)/2 | E9: =(Jan!AJ14+Feb!AJ14+Mar!AJ14+Apr!AJ14+May!AJ14+Jun!AJ14+Jul!AJ14+Aug!AJ14+Sep!AJ14+Oct!AJ14+Nov!AJ14+Dec!AJ14+Jan!AJ15+Feb!AJ15+Mar!AJ15+Apr!AJ15+May!AJ15+Jun!AJ15+Jul!AJ15+Aug!AJ15+Sep!AJ15+Oct!AJ15+Nov!AJ15+Dec!AJ15)/2 | F9: =(Jan!AK14+Feb!AK14+Mar!AK14+Apr!AK14+May!AK14+Jun!AK14+Jul!AK14+Aug!AK14+Sep!AK14+Oct!AK14+Nov!AK14+Dec!AK14+Jan!AK15+Feb!AK15+Mar!AK15+Apr!AK15+May!AK15+Jun!AK15+Jul!AK15+Aug!AK15+Sep!AK15+Oct!AK15+Nov!AK15+Dec!AK15)/2 | G9: =(Jan!AL14+Feb!AL14+Mar!AL14+Apr!AL14+May!AL14+Jun!AL14+Jul!AL14+Aug!AL14+Sep!AL14+Oct!AL14+Nov!AL14+Dec!AL14+Jan!AL15+Feb!AL15+Mar!AL15+Apr!AL15+May!AL15+Jun!AL15+Jul!AL15+Aug!AL15+Sep!AL15+Oct!AL15+Nov!AL15+Dec!AL15)/2 | H9: =(Jan!AM14+Feb!AM14+Mar!AM14+Apr!AM14+May!AM14+Jun!AM14+Jul!AM14+Aug!AM14+Sep!AM14+Oct!AM14+Nov!AM14+Dec!AM14+Jan!AM15+Feb!AM15+Mar!AM15+Apr!AM15+May!AM15+Jun!AM15+Jul!AM15+Aug!AM15+Sep!AM15+Oct!AM15+Nov!AM15+Dec!AM15)/2 | I9: =(Jan!AN14+Feb!AN14+Mar!AN14+Apr!AN14+May!AN14+Jun!AN14+Jul!AN14+Aug!AN14+Sep!AN14+Oct!AN14+Nov!AN14+Dec!AN14+Jan!AN15+Feb!AN15+Mar!AN15+Apr!AN15+May!AN15+Jun!AN15+Jul!AN15+Aug!AN15+Sep!AN15+Oct!AN15+Nov!AN15+Dec!AN15)/2 | M9: WO | N9: WEEKLY OFF | O9: 0 | P9: 0 | Q9: 0 | R9: 0 | S9: 0 | T9: 0 | U9: 0 | V9: 0 | W9: 0 | X9: 0 | Y9: 0 | Z9: 0
A10: =Jan!A16 | B10: =(Jan!AG16+Feb!AG16+Mar!AG16+Apr!AG16+May!AG16+Jun!AG16+Jul!AG16+Aug!AG16+Sep!AG16+Oct!AG16+Nov!AG16+Dec!AG16+Jan!AG17+Feb!AG17+Mar!AG17+Apr!AG17+May!AG17+Jun!AG17+Jul!AG17+Aug!AG17+Sep!AG17+Oct!AG17+Nov!AG17+Dec!AG17)/2 | C10: =(Jan!AH16+Feb!AH16+Mar!AH16+Apr!AH16+May!AH16+Jun!AH16+Jul!AH16+Aug!AH16+Sep!AH16+Oct!AH16+Nov!AH16+Dec!AH16+Jan!AH17+Feb!AH17+Mar!AH17+Apr!AH17+May!AH17+Jun!AH17+Jul!AH17+Aug!AH17+Sep!AH17+Oct!AH17+Nov!AH17+Dec!AH17)/2 | D10: =(Jan!AI16+Feb!AI16+Mar!AI16+Apr!AI16+May!AI16+Jun!AI16+Jul!AI16+Aug!AI16+Sep!AI16+Oct!AI16+Nov!AI16+Dec!AI16+Jan!AI17+Feb!AI17+Mar!AI17+Apr!AI17+May!AI17+Jun!AI17+Jul!AI17+Aug!AI17+Sep!AI17+Oct!AI17+Nov!AI17+Dec!AI17)/2 | E10: =(Jan!AJ16+Feb!AJ16+Mar!AJ16+Apr!AJ16+May!AJ16+Jun!AJ16+Jul!AJ16+Aug!AJ16+Sep!AJ16+Oct!AJ16+Nov!AJ16+Dec!AJ16+Jan!AJ17+Feb!AJ17+Mar!AJ17+Apr!AJ17+May!AJ17+Jun!AJ17+Jul!AJ17+Aug!AJ17+Sep!AJ17+Oct!AJ17+Nov!AJ17+Dec!AJ17)/2 | F10: =(Jan!AK16+Feb!AK16+Mar!AK16+Apr!AK16+May!AK16+Jun!AK16+Jul!AK16+Aug!AK16+Sep!AK16+Oct!AK16+Nov!AK16+Dec!AK16+Jan!AK17+Feb!AK17+Mar!AK17+Apr!AK17+May!AK17+Jun!AK17+Jul!AK17+Aug!AK17+Sep!AK17+Oct!AK17+Nov!AK17+Dec!AK17)/2 | G10: =(Jan!AL16+Feb!AL16+Mar!AL16+Apr!AL16+May!AL16+Jun!AL16+Jul!AL16+Aug!AL16+Sep!AL16+Oct!AL16+Nov!AL16+Dec!AL16+Jan!AL17+Feb!AL17+Mar!AL17+Apr!AL17+May!AL17+Jun!AL17+Jul!AL17+Aug!AL17+Sep!AL17+Oct!AL17+Nov!AL17+Dec!AL17)/2 | H10: =(Jan!AM16+Feb!AM16+Mar!AM16+Apr!AM16+May!AM16+Jun!AM16+Jul!AM16+Aug!AM16+Sep!AM16+Oct!AM16+Nov!AM16+Dec!AM16+Jan!AM17+Feb!AM17+Mar!AM17+Apr!AM17+May!AM17+Jun!AM17+Jul!AM17+Aug!AM17+Sep!AM17+Oct!AM17+Nov!AM17+Dec!AM17)/2 | I10: =(Jan!AN16+Feb!AN16+Mar!AN16+Apr!AN16+May!AN16+Jun!AN16+Jul!AN16+Aug!AN16+Sep!AN16+Oct!AN16+Nov!AN16+Dec!AN16+Jan!AN17+Feb!AN17+Mar!AN17+Apr!AN17+May!AN17+Jun!AN17+Jul!AN17+Aug!AN17+Sep!AN17+Oct!AN17+Nov!AN17+Dec!AN17)/2 | M10: PH | N10: PUBLIC HOLIDAY | O10: 0 | P10: 0 | Q10: 0 | R10: 0 | S10: 0 | T10: 0 | U10: 0 | V10: 0 | W10: 0 | X10: 0 | Y10: 0 | Z10: 0
A11: =Jan!A18 | B11: =(Jan!AG18+Feb!AG18+Mar!AG18+Apr!AG18+May!AG18+Jun!AG18+Jul!AG18+Aug!AG18+Sep!AG18+Oct!AG18+Nov!AG18+Dec!AG18+Jan!AG19+Feb!AG19+Mar!AG19+Apr!AG19+May!AG19+Jun!AG19+Jul!AG19+Aug!AG19+Sep!AG19+Oct!AG19+Nov!AG19+Dec!AG19)/2 | C11: =(Jan!AH18+Feb!AH18+Mar!AH18+Apr!AH18+May!AH18+Jun!AH18+Jul!AH18+Aug!AH18+Sep!AH18+Oct!AH18+Nov!AH18+Dec!AH18+Jan!AH19+Feb!AH19+Mar!AH19+Apr!AH19+May!AH19+Jun!AH19+Jul!AH19+Aug!AH19+Sep!AH19+Oct!AH19+Nov!AH19+Dec!AH19)/2 | D11: =(Jan!AI18+Feb!AI18+Mar!AI18+Apr!AI18+May!AI18+Jun!AI18+Jul!AI18+Aug!AI18+Sep!AI18+Oct!AI18+Nov!AI18+Dec!AI18+Jan!AI19+Feb!AI19+Mar!AI19+Apr!AI19+May!AI19+Jun!AI19+Jul!AI19+Aug!AI19+Sep!AI19+Oct!AI19+Nov!AI19+Dec!AI19)/2 | E11: =(Jan!AJ18+Feb!AJ18+Mar!AJ18+Apr!AJ18+May!AJ18+Jun!AJ18+Jul!AJ18+Aug!AJ18+Sep!AJ18+Oct!AJ18+Nov!AJ18+Dec!AJ18+Jan!AJ19+Feb!AJ19+Mar!AJ19+Apr!AJ19+May!AJ19+Jun!AJ19+Jul!AJ19+Aug!AJ19+Sep!AJ19+Oct!AJ19+Nov!AJ19+Dec!AJ19)/2 | F11: =(Jan!AK18+Feb!AK18+Mar!AK18+Apr!AK18+May!AK18+Jun!AK18+Jul!AK18+Aug!AK18+Sep!AK18+Oct!AK18+Nov!AK18+Dec!AK18+Jan!AK19+Feb!AK19+Mar!AK19+Apr!AK19+May!AK19+Jun!AK19+Jul!AK19+Aug!AK19+Sep!AK19+Oct!AK19+Nov!AK19+Dec!AK19)/2 | G11: =(Jan!AL18+Feb!AL18+Mar!AL18+Apr!AL18+May!AL18+Jun!AL18+Jul!AL18+Aug!AL18+Sep!AL18+Oct!AL18+Nov!AL18+Dec!AL18+Jan!AL19+Feb!AL19+Mar!AL19+Apr!AL19+May!AL19+Jun!AL19+Jul!AL19+Aug!AL19+Sep!AL19+Oct!AL19+Nov!AL19+Dec!AL19)/2 | H11: =(Jan!AM18+Feb!AM18+Mar!AM18+Apr!AM18+May!AM18+Jun!AM18+Jul!AM18+Aug!AM18+Sep!AM18+Oct!AM18+Nov!AM18+Dec!AM18+Jan!AM19+Feb!AM19+Mar!AM19+Apr!AM19+May!AM19+Jun!AM19+Jul!AM19+Aug!AM19+Sep!AM19+Oct!AM19+Nov!AM19+Dec!AM19)/2 | I11: =(Jan!AN18+Feb!AN18+Mar!AN18+Apr!AN18+May!AN18+Jun!AN18+Jul!AN18+Aug!AN18+Sep!AN18+Oct!AN18+Nov!AN18+Dec!AN18+Jan!AN19+Feb!AN19+Mar!AN19+Apr!AN19+May!AN19+Jun!AN19+Jul!AN19+Aug!AN19+Sep!AN19+Oct!AN19+Nov!AN19+Dec!AN19)/2 | M11: CO | N11: COMP. OFF | O11: 0 | P11: 0 | Q11: 0 | R11: 0 | S11: 0 | T11: 0 | U11: 0 | V11: 0 | W11: 0 | X11: 0 | Y11: 0 | Z11: 0
A12: =Jan!A20 | B12: =(Jan!AG20+Feb!AG20+Mar!AG20+Apr!AG20+May!AG20+Jun!AG20+Jul!AG20+Aug!AG20+Sep!AG20+Oct!AG20+Nov!AG20+Dec!AG20+Jan!AG21+Feb!AG21+Mar!AG21+Apr!AG21+May!AG21+Jun!AG21+Jul!AG21+Aug!AG21+Sep!AG21+Oct!AG21+Nov!AG21+Dec!AG21)/2 | C12: =(Jan!AH20+Feb!AH20+Mar!AH20+Apr!AH20+May!AH20+Jun!AH20+Jul!AH20+Aug!AH20+Sep!AH20+Oct!AH20+Nov!AH20+Dec!AH20+Jan!AH21+Feb!AH21+Mar!AH21+Apr!AH21+May!AH21+Jun!AH21+Jul!AH21+Aug!AH21+Sep!AH21+Oct!AH21+Nov!AH21+Dec!AH21)/2 | D12: =(Jan!AI20+Feb!AI20+Mar!AI20+Apr!AI20+May!AI20+Jun!AI20+Jul!AI20+Aug!AI20+Sep!AI20+Oct!AI20+Nov!AI20+Dec!AI20+Jan!AI21+Feb!AI21+Mar!AI21+Apr!AI21+May!AI21+Jun!AI21+Jul!AI21+Aug!AI21+Sep!AI21+Oct!AI21+Nov!AI21+Dec!AI21)/2 | E12: =(Jan!AJ20+Feb!AJ20+Mar!AJ20+Apr!AJ20+May!AJ20+Jun!AJ20+Jul!AJ20+Aug!AJ20+Sep!AJ20+Oct!AJ20+Nov!AJ20+Dec!AJ20+Jan!AJ21+Feb!AJ21+Mar!AJ21+Apr!AJ21+May!AJ21+Jun!AJ21+Jul!AJ21+Aug!AJ21+Sep!AJ21+Oct!AJ21+Nov!AJ21+Dec!AJ21)/2 | F12: =(Jan!AK20+Feb!AK20+Mar!AK20+Apr!AK20+May!AK20+Jun!AK20+Jul!AK20+Aug!AK20+Sep!AK20+Oct!AK20+Nov!AK20+Dec!AK20+Jan!AK21+Feb!AK21+Mar!AK21+Apr!AK21+May!AK21+Jun!AK21+Jul!AK21+Aug!AK21+Sep!AK21+Oct!AK21+Nov!AK21+Dec!AK21)/2 | G12: =(Jan!AL20+Feb!AL20+Mar!AL20+Apr!AL20+May!AL20+Jun!AL20+Jul!AL20+Aug!AL20+Sep!AL20+Oct!AL20+Nov!AL20+Dec!AL20+Jan!AL21+Feb!AL21+Mar!AL21+Apr!AL21+May!AL21+Jun!AL21+Jul!AL21+Aug!AL21+Sep!AL21+Oct!AL21+Nov!AL21+Dec!AL21)/2 | H12: =(Jan!AM20+Feb!AM20+Mar!AM20+Apr!AM20+May!AM20+Jun!AM20+Jul!AM20+Aug!AM20+Sep!AM20+Oct!AM20+Nov!AM20+Dec!AM20+Jan!AM21+Feb!AM21+Mar!AM21+Apr!AM21+May!AM21+Jun!AM21+Jul!AM21+Aug!AM21+Sep!AM21+Oct!AM21+Nov!AM21+Dec!AM21)/2 | I12: =(Jan!AN20+Feb!AN20+Mar!AN20+Apr!AN20+May!AN20+Jun!AN20+Jul!AN20+Aug!AN20+Sep!AN20+Oct!AN20+Nov!AN20+Dec!AN20+Jan!AN21+Feb!AN21+Mar!AN21+Apr!AN21+May!AN21+Jun!AN21+Jul!AN21+Aug!AN21+Sep!AN21+Oct!AN21+Nov!AN21+Dec!AN21)/2 | M12: ML | N12: MEDICAL LEAVE | O12: 0 | P12: 0 | Q12: 0 | R12: 0 | S12: 0 | T12: 0 | U12: 0 | V12: 0 | W12: 0 | X12: 0 | Y12: 0 | Z12: 0
A13: =Jan!A22 | B13: =(Jan!AG22+Feb!AG22+Mar!AG22+Apr!AG22+May!AG22+Jun!AG22+Jul!AG22+Aug!AG22+Sep!AG22+Oct!AG22+Nov!AG22+Dec!AG22+Jan!AG23+Feb!AG23+Mar!AG23+Apr!AG23+May!AG23+Jun!AG23+Jul!AG23+Aug!AG23+Sep!AG23+Oct!AG23+Nov!AG23+Dec!AG23)/2 | C13: =(Jan!AH22+Feb!AH22+Mar!AH22+Apr!AH22+May!AH22+Jun!AH22+Jul!AH22+Aug!AH22+Sep!AH22+Oct!AH22+Nov!AH22+Dec!AH22+Jan!AH23+Feb!AH23+Mar!AH23+Apr!AH23+May!AH23+Jun!AH23+Jul!AH23+Aug!AH23+Sep!AH23+Oct!AH23+Nov!AH23+Dec!AH23)/2 | D13: =(Jan!AI22+Feb!AI22+Mar!AI22+Apr!AI22+May!AI22+Jun!AI22+Jul!AI22+Aug!AI22+Sep!AI22+Oct!AI22+Nov!AI22+Dec!AI22+Jan!AI23+Feb!AI23+Mar!AI23+Apr!AI23+May!AI23+Jun!AI23+Jul!AI23+Aug!AI23+Sep!AI23+Oct!AI23+Nov!AI23+Dec!AI23)/2 | E13: =(Jan!AJ22+Feb!AJ22+Mar!AJ22+Apr!AJ22+May!AJ22+Jun!AJ22+Jul!AJ22+Aug!AJ22+Sep!AJ22+Oct!AJ22+Nov!AJ22+Dec!AJ22+Jan!AJ23+Feb!AJ23+Mar!AJ23+Apr!AJ23+May!AJ23+Jun!AJ23+Jul!AJ23+Aug!AJ23+Sep!AJ23+Oct!AJ23+Nov!AJ23+Dec!AJ23)/2 | F13: =(Jan!AK22+Feb!AK22+Mar!AK22+Apr!AK22+May!AK22+Jun!AK22+Jul!AK22+Aug!AK22+Sep!AK22+Oct!AK22+Nov!AK22+Dec!AK22+Jan!AK23+Feb!AK23+Mar!AK23+Apr!AK23+May!AK23+Jun!AK23+Jul!AK23+Aug!AK23+Sep!AK23+Oct!AK23+Nov!AK23+Dec!AK23)/2 | G13: =(Jan!AL22+Feb!AL22+Mar!AL22+Apr!AL22+May!AL22+Jun!AL22+Jul!AL22+Aug!AL22+Sep!AL22+Oct!AL22+Nov!AL22+Dec!AL22+Jan!AL23+Feb!AL23+Mar!AL23+Apr!AL23+May!AL23+Jun!AL23+Jul!AL23+Aug!AL23+Sep!AL23+Oct!AL23+Nov!AL23+Dec!AL23)/2 | H13: =(Jan!AM22+Feb!AM22+Mar!AM22+Apr!AM22+May!AM22+Jun!AM22+Jul!AM22+Aug!AM22+Sep!AM22+Oct!AM22+Nov!AM22+Dec!AM22+Jan!AM23+Feb!AM23+Mar!AM23+Apr!AM23+May!AM23+Jun!AM23+Jul!AM23+Aug!AM23+Sep!AM23+Oct!AM23+Nov!AM23+Dec!AM23)/2 | I13: =(Jan!AN22+Feb!AN22+Mar!AN22+Apr!AN22+May!AN22+Jun!AN22+Jul!AN22+Aug!AN22+Sep!AN22+Oct!AN22+Nov!AN22+Dec!AN22+Jan!AN23+Feb!AN23+Mar!AN23+Apr!AN23+May!AN23+Jun!AN23+Jul!AN23+Aug!AN23+Sep!AN23+Oct!AN23+Nov!AN23+Dec!AN23)/2
A14: =Jan!A24 | B14: =(Jan!AG24+Feb!AG24+Mar!AG24+Apr!AG24+May!AG24+Jun!AG24+Jul!AG24+Aug!AG24+Sep!AG24+Oct!AG24+Nov!AG24+Dec!AG24+Jan!AG25+Feb!AG25+Mar!AG25+Apr!AG25+May!AG25+Jun!AG25+Jul!AG25+Aug!AG25+Sep!AG25+Oct!AG25+Nov!AG25+Dec!AG25)/2 | C14: =(Jan!AH24+Feb!AH24+Mar!AH24+Apr!AH24+May!AH24+Jun!AH24+Jul!AH24+Aug!AH24+Sep!AH24+Oct!AH24+Nov!AH24+Dec!AH24+Jan!AH25+Feb!AH25+Mar!AH25+Apr!AH25+May!AH25+Jun!AH25+Jul!AH25+Aug!AH25+Sep!AH25+Oct!AH25+Nov!AH25+Dec!AH25)/2 | D14: =(Jan!AI24+Feb!AI24+Mar!AI24+Apr!AI24+May!AI24+Jun!AI24+Jul!AI24+Aug!AI24+Sep!AI24+Oct!AI24+Nov!AI24+Dec!AI24+Jan!AI25+Feb!AI25+Mar!AI25+Apr!AI25+May!AI25+Jun!AI25+Jul!AI25+Aug!AI25+Sep!AI25+Oct!AI25+Nov!AI25+Dec!AI25)/2 | E14: =(Jan!AJ24+Feb!AJ24+Mar!AJ24+Apr!AJ24+May!AJ24+Jun!AJ24+Jul!AJ24+Aug!AJ24+Sep!AJ24+Oct!AJ24+Nov!AJ24+Dec!AJ24+Jan!AJ25+Feb!AJ25+Mar!AJ25+Apr!AJ25+May!AJ25+Jun!AJ25+Jul!AJ25+Aug!AJ25+Sep!AJ25+Oct!AJ25+Nov!AJ25+Dec!AJ25)/2 | F14: =(Jan!AK24+Feb!AK24+Mar!AK24+Apr!AK24+May!AK24+Jun!AK24+Jul!AK24+Aug!AK24+Sep!AK24+Oct!AK24+Nov!AK24+Dec!AK24+Jan!AK25+Feb!AK25+Mar!AK25+Apr!AK25+May!AK25+Jun!AK25+Jul!AK25+Aug!AK25+Sep!AK25+Oct!AK25+Nov!AK25+Dec!AK25)/2 | G14: =(Jan!AL24+Feb!AL24+Mar!AL24+Apr!AL24+May!AL24+Jun!AL24+Jul!AL24+Aug!AL24+Sep!AL24+Oct!AL24+Nov!AL24+Dec!AL24+Jan!AL25+Feb!AL25+Mar!AL25+Apr!AL25+May!AL25+Jun!AL25+Jul!AL25+Aug!AL25+Sep!AL25+Oct!AL25+Nov!AL25+Dec!AL25)/2 | H14: =(Jan!AM24+Feb!AM24+Mar!AM24+Apr!AM24+May!AM24+Jun!AM24+Jul!AM24+Aug!AM24+Sep!AM24+Oct!AM24+Nov!AM24+Dec!AM24+Jan!AM25+Feb!AM25+Mar!AM25+Apr!AM25+May!AM25+Jun!AM25+Jul!AM25+Aug!AM25+Sep!AM25+Oct!AM25+Nov!AM25+Dec!AM25)/2 | I14: =(Jan!AN24+Feb!AN24+Mar!AN24+Apr!AN24+May!AN24+Jun!AN24+Jul!AN24+Aug!AN24+Sep!AN24+Oct!AN24+Nov!AN24+Dec!AN24+Jan!AN25+Feb!AN25+Mar!AN25+Apr!AN25+May!AN25+Jun!AN25+Jul!AN25+Aug!AN25+Sep!AN25+Oct!AN25+Nov!AN25+Dec!AN25)/2
A15: =Jan!A26 | B15: =(Jan!AG26+Feb!AG26+Mar!AG26+Apr!AG26+May!AG26+Jun!AG26+Jul!AG26+Aug!AG26+Sep!AG26+Oct!AG26+Nov!AG26+Dec!AG26+Jan!AG27+Feb!AG27+Mar!AG27+Apr!AG27+May!AG27+Jun!AG27+Jul!AG27+Aug!AG27+Sep!AG27+Oct!AG27+Nov!AG27+Dec!AG27)/2 | C15: =(Jan!AH26+Feb!AH26+Mar!AH26+Apr!AH26+May!AH26+Jun!AH26+Jul!AH26+Aug!AH26+Sep!AH26+Oct!AH26+Nov!AH26+Dec!AH26+Jan!AH27+Feb!AH27+Mar!AH27+Apr!AH27+May!AH27+Jun!AH27+Jul!AH27+Aug!AH27+Sep!AH27+Oct!AH27+Nov!AH27+Dec!AH27)/2 | D15: =(Jan!AI26+Feb!AI26+Mar!AI26+Apr!AI26+May!AI26+Jun!AI26+Jul!AI26+Aug!AI26+Sep!AI26+Oct!AI26+Nov!AI26+Dec!AI26+Jan!AI27+Feb!AI27+Mar!AI27+Apr!AI27+May!AI27+Jun!AI27+Jul!AI27+Aug!AI27+Sep!AI27+Oct!AI27+Nov!AI27+Dec!AI27)/2 | E15: =(Jan!AJ26+Feb!AJ26+Mar!AJ26+Apr!AJ26+May!AJ26+Jun!AJ26+Jul!AJ26+Aug!AJ26+Sep!AJ26+Oct!AJ26+Nov!AJ26+Dec!AJ26+Jan!AJ27+Feb!AJ27+Mar!AJ27+Apr!AJ27+May!AJ27+Jun!AJ27+Jul!AJ27+Aug!AJ27+Sep!AJ27+Oct!AJ27+Nov!AJ27+Dec!AJ27)/2 | F15: =(Jan!AK26+Feb!AK26+Mar!AK26+Apr!AK26+May!AK26+Jun!AK26+Jul!AK26+Aug!AK26+Sep!AK26+Oct!AK26+Nov!AK26+Dec!AK26+Jan!AK27+Feb!AK27+Mar!AK27+Apr!AK27+May!AK27+Jun!AK27+Jul!AK27+Aug!AK27+Sep!AK27+Oct!AK27+Nov!AK27+Dec!AK27)/2 | G15: =(Jan!AL26+Feb!AL26+Mar!AL26+Apr!AL26+May!AL26+Jun!AL26+Jul!AL26+Aug!AL26+Sep!AL26+Oct!AL26+Nov!AL26+Dec!AL26+Jan!AL27+Feb!AL27+Mar!AL27+Apr!AL27+May!AL27+Jun!AL27+Jul!AL27+Aug!AL27+Sep!AL27+Oct!AL27+Nov!AL27+Dec!AL27)/2 | H15: =(Jan!AM26+Feb!AM26+Mar!AM26+Apr!AM26+May!AM26+Jun!AM26+Jul!AM26+Aug!AM26+Sep!AM26+Oct!AM26+Nov!AM26+Dec!AM26+Jan!AM27+Feb!AM27+Mar!AM27+Apr!AM27+May!AM27+Jun!AM27+Jul!AM27+Aug!AM27+Sep!AM27+Oct!AM27+Nov!AM27+Dec!AM27)/2 | I15: =(Jan!AN26+Feb!AN26+Mar!AN26+Apr!AN26+May!AN26+Jun!AN26+Jul!AN26+Aug!AN26+Sep!AN26+Oct!AN26+Nov!AN26+Dec!AN26+Jan!AN27+Feb!AN27+Mar!AN27+Apr!AN27+May!AN27+Jun!AN27+Jul!AN27+Aug!AN27+Sep!AN27+Oct!AN27+Nov!AN27+Dec!AN27)/2
A16: =Jan!A28 | B16: =(Jan!AG28+Feb!AG28+Mar!AG28+Apr!AG28+May!AG28+Jun!AG28+Jul!AG28+Aug!AG28+Sep!AG28+Oct!AG28+Nov!AG28+Dec!AG28+Jan!AG29+Feb!AG29+Mar!AG29+Apr!AG29+May!AG29+Jun!AG29+Jul!AG29+Aug!AG29+Sep!AG29+Oct!AG29+Nov!AG29+Dec!AG29)/2 | C16: =(Jan!AH28+Feb!AH28+Mar!AH28+Apr!AH28+May!AH28+Jun!AH28+Jul!AH28+Aug!AH28+Sep!AH28+Oct!AH28+Nov!AH28+Dec!AH28+Jan!AH29+Feb!AH29+Mar!AH29+Apr!AH29+May!AH29+Jun!AH29+Jul!AH29+Aug!AH29+Sep!AH29+Oct!AH29+Nov!AH29+Dec!AH29)/2 | D16: =(Jan!AI28+Feb!AI28+Mar!AI28+Apr!AI28+May!AI28+Jun!AI28+Jul!AI28+Aug!AI28+Sep!AI28+Oct!AI28+Nov!AI28+Dec!AI28+Jan!AI29+Feb!AI29+Mar!AI29+Apr!AI29+May!AI29+Jun!AI29+Jul!AI29+Aug!AI29+Sep!AI29+Oct!AI29+Nov!AI29+Dec!AI29)/2 | E16: =(Jan!AJ28+Feb!AJ28+Mar!AJ28+Apr!AJ28+May!AJ28+Jun!AJ28+Jul!AJ28+Aug!AJ28+Sep!AJ28+Oct!AJ28+Nov!AJ28+Dec!AJ28+Jan!AJ29+Feb!AJ29+Mar!AJ29+Apr!AJ29+May!AJ29+Jun!AJ29+Jul!AJ29+Aug!AJ29+Sep!AJ29+Oct!AJ29+Nov!AJ29+Dec!AJ29)/2 | F16: =(Jan!AK28+Feb!AK28+Mar!AK28+Apr!AK28+May!AK28+Jun!AK28+Jul!AK28+Aug!AK28+Sep!AK28+Oct!AK28+Nov!AK28+Dec!AK28+Jan!AK29+Feb!AK29+Mar!AK29+Apr!AK29+May!AK29+Jun!AK29+Jul!AK29+Aug!AK29+Sep!AK29+Oct!AK29+Nov!AK29+Dec!AK29)/2 | G16: =(Jan!AL28+Feb!AL28+Mar!AL28+Apr!AL28+May!AL28+Jun!AL28+Jul!AL28+Aug!AL28+Sep!AL28+Oct!AL28+Nov!AL28+Dec!AL28+Jan!AL29+Feb!AL29+Mar!AL29+Apr!AL29+May!AL29+Jun!AL29+Jul!AL29+Aug!AL29+Sep!AL29+Oct!AL29+Nov!AL29+Dec!AL29)/2 | H16: =(Jan!AM28+Feb!AM28+Mar!AM28+Apr!AM28+May!AM28+Jun!AM28+Jul!AM28+Aug!AM28+Sep!AM28+Oct!AM28+Nov!AM28+Dec!AM28+Jan!AM29+Feb!AM29+Mar!AM29+Apr!AM29+May!AM29+Jun!AM29+Jul!AM29+Aug!AM29+Sep!AM29+Oct!AM29+Nov!AM29+Dec!AM29)/2 | I16: =(Jan!AN28+Feb!AN28+Mar!AN28+Apr!AN28+May!AN28+Jun!AN28+Jul!AN28+Aug!AN28+Sep!AN28+Oct!AN28+Nov!AN28+Dec!AN28+Jan!AN29+Feb!AN29+Mar!AN29+Apr!AN29+May!AN29+Jun!AN29+Jul!AN29+Aug!AN29+Sep!AN29+Oct!AN29+Nov!AN29+Dec!AN29)/2
A17: =Jan!A30 | B17: =(Jan!AG30+Feb!AG30+Mar!AG30+Apr!AG30+May!AG30+Jun!AG30+Jul!AG30+Aug!AG30+Sep!AG30+Oct!AG30+Nov!AG30+Dec!AG30+Jan!AG31+Feb!AG31+Mar!AG31+Apr!AG31+May!AG31+Jun!AG31+Jul!AG31+Aug!AG31+Sep!AG31+Oct!AG31+Nov!AG31+Dec!AG31)/2 | C17: =(Jan!AH30+Feb!AH30+Mar!AH30+Apr!AH30+May!AH30+Jun!AH30+Jul!AH30+Aug!AH30+Sep!AH30+Oct!AH30+Nov!AH30+Dec!AH30+Jan!AH31+Feb!AH31+Mar!AH31+Apr!AH31+May!AH31+Jun!AH31+Jul!AH31+Aug!AH31+Sep!AH31+Oct!AH31+Nov!AH31+Dec!AH31)/2 | D17: =(Jan!AI30+Feb!AI30+Mar!AI30+Apr!AI30+May!AI30+Jun!AI30+Jul!AI30+Aug!AI30+Sep!AI30+Oct!AI30+Nov!AI30+Dec!AI30+Jan!AI31+Feb!AI31+Mar!AI31+Apr!AI31+May!AI31+Jun!AI31+Jul!AI31+Aug!AI31+Sep!AI31+Oct!AI31+Nov!AI31+Dec!AI31)/2 | E17: =(Jan!AJ30+Feb!AJ30+Mar!AJ30+Apr!AJ30+May!AJ30+Jun!AJ30+Jul!AJ30+Aug!AJ30+Sep!AJ30+Oct!AJ30+Nov!AJ30+Dec!AJ30+Jan!AJ31+Feb!AJ31+Mar!AJ31+Apr!AJ31+May!AJ31+Jun!AJ31+Jul!AJ31+Aug!AJ31+Sep!AJ31+Oct!AJ31+Nov!AJ31+Dec!AJ31)/2 | F17: =(Jan!AK30+Feb!AK30+Mar!AK30+Apr!AK30+May!AK30+Jun!AK30+Jul!AK30+Aug!AK30+Sep!AK30+Oct!AK30+Nov!AK30+Dec!AK30+Jan!AK31+Feb!AK31+Mar!AK31+Apr!AK31+May!AK31+Jun!AK31+Jul!AK31+Aug!AK31+Sep!AK31+Oct!AK31+Nov!AK31+Dec!AK31)/2 | G17: =(Jan!AL30+Feb!AL30+Mar!AL30+Apr!AL30+May!AL30+Jun!AL30+Jul!AL30+Aug!AL30+Sep!AL30+Oct!AL30+Nov!AL30+Dec!AL30+Jan!AL31+Feb!AL31+Mar!AL31+Apr!AL31+May!AL31+Jun!AL31+Jul!AL31+Aug!AL31+Sep!AL31+Oct!AL31+Nov!AL31+Dec!AL31)/2 | H17: =(Jan!AM30+Feb!AM30+Mar!AM30+Apr!AM30+May!AM30+Jun!AM30+Jul!AM30+Aug!AM30+Sep!AM30+Oct!AM30+Nov!AM30+Dec!AM30+Jan!AM31+Feb!AM31+Mar!AM31+Apr!AM31+May!AM31+Jun!AM31+Jul!AM31+Aug!AM31+Sep!AM31+Oct!AM31+Nov!AM31+Dec!AM31)/2 | I17: =(Jan!AN30+Feb!AN30+Mar!AN30+Apr!AN30+May!AN30+Jun!AN30+Jul!AN30+Aug!AN30+Sep!AN30+Oct!AN30+Nov!AN30+Dec!AN30+Jan!AN31+Feb!AN31+Mar!AN31+Apr!AN31+May!AN31+Jun!AN31+Jul!AN31+Aug!AN31+Sep!AN31+Oct!AN31+Nov!AN31+Dec!AN31)/2
A18: =Jan!A32 | B18: =(Jan!AG32+Feb!AG32+Mar!AG32+Apr!AG32+May!AG32+Jun!AG32+Jul!AG32+Aug!AG32+Sep!AG32+Oct!AG32+Nov!AG32+Dec!AG32+Jan!AG33+Feb!AG33+Mar!AG33+Apr!AG33+May!AG33+Jun!AG33+Jul!AG33+Aug!AG33+Sep!AG33+Oct!AG33+Nov!AG33+Dec!AG33)/2 | C18: =(Jan!AH32+Feb!AH32+Mar!AH32+Apr!AH32+May!AH32+Jun!AH32+Jul!AH32+Aug!AH32+Sep!AH32+Oct!AH32+Nov!AH32+Dec!AH32+Jan!AH33+Feb!AH33+Mar!AH33+Apr!AH33+May!AH33+Jun!AH33+Jul!AH33+Aug!AH33+Sep!AH33+Oct!AH33+Nov!AH33+Dec!AH33)/2 | D18: =(Jan!AI32+Feb!AI32+Mar!AI32+Apr!AI32+May!AI32+Jun!AI32+Jul!AI32+Aug!AI32+Sep!AI32+Oct!AI32+Nov!AI32+Dec!AI32+Jan!AI33+Feb!AI33+Mar!AI33+Apr!AI33+May!AI33+Jun!AI33+Jul!AI33+Aug!AI33+Sep!AI33+Oct!AI33+Nov!AI33+Dec!AI33)/2 | E18: =(Jan!AJ32+Feb!AJ32+Mar!AJ32+Apr!AJ32+May!AJ32+Jun!AJ32+Jul!AJ32+Aug!AJ32+Sep!AJ32+Oct!AJ32+Nov!AJ32+Dec!AJ32+Jan!AJ33+Feb!AJ33+Mar!AJ33+Apr!AJ33+May!AJ33+Jun!AJ33+Jul!AJ33+Aug!AJ33+Sep!AJ33+Oct!AJ33+Nov!AJ33+Dec!AJ33)/2 | F18: =(Jan!AK32+Feb!AK32+Mar!AK32+Apr!AK32+May!AK32+Jun!AK32+Jul!AK32+Aug!AK32+Sep!AK32+Oct!AK32+Nov!AK32+Dec!AK32+Jan!AK33+Feb!AK33+Mar!AK33+Apr!AK33+May!AK33+Jun!AK33+Jul!AK33+Aug!AK33+Sep!AK33+Oct!AK33+Nov!AK33+Dec!AK33)/2 | G18: =(Jan!AL32+Feb!AL32+Mar!AL32+Apr!AL32+May!AL32+Jun!AL32+Jul!AL32+Aug!AL32+Sep!AL32+Oct!AL32+Nov!AL32+Dec!AL32+Jan!AL33+Feb!AL33+Mar!AL33+Apr!AL33+May!AL33+Jun!AL33+Jul!AL33+Aug!AL33+Sep!AL33+Oct!AL33+Nov!AL33+Dec!AL33)/2 | H18: =(Jan!AM32+Feb!AM32+Mar!AM32+Apr!AM32+May!AM32+Jun!AM32+Jul!AM32+Aug!AM32+Sep!AM32+Oct!AM32+Nov!AM32+Dec!AM32+Jan!AM33+Feb!AM33+Mar!AM33+Apr!AM33+May!AM33+Jun!AM33+Jul!AM33+Aug!AM33+Sep!AM33+Oct!AM33+Nov!AM33+Dec!AM33)/2 | I18: =(Jan!AN32+Feb!AN32+Mar!AN32+Apr!AN32+May!AN32+Jun!AN32+Jul!AN32+Aug!AN32+Sep!AN32+Oct!AN32+Nov!AN32+Dec!AN32+Jan!AN33+Feb!AN33+Mar!AN33+Apr!AN33+May!AN33+Jun!AN33+Jul!AN33+Aug!AN33+Sep!AN33+Oct!AN33+Nov!AN33+Dec!AN33)/2
A19: =Jan!A34 | B19: =(Jan!AG34+Feb!AG34+Mar!AG34+Apr!AG34+May!AG34+Jun!AG34+Jul!AG34+Aug!AG34+Sep!AG34+Oct!AG34+Nov!AG34+Dec!AG34+Jan!AG35+Feb!AG35+Mar!AG35+Apr!AG35+May!AG35+Jun!AG35+Jul!AG35+Aug!AG35+Sep!AG35+Oct!AG35+Nov!AG35+Dec!AG35)/2 | C19: =(Jan!AH34+Feb!AH34+Mar!AH34+Apr!AH34+May!AH34+Jun!AH34+Jul!AH34+Aug!AH34+Sep!AH34+Oct!AH34+Nov!AH34+Dec!AH34+Jan!AH35+Feb!AH35+Mar!AH35+Apr!AH35+May!AH35+Jun!AH35+Jul!AH35+Aug!AH35+Sep!AH35+Oct!AH35+Nov!AH35+Dec!AH35)/2 | D19: =(Jan!AI34+Feb!AI34+Mar!AI34+Apr!AI34+May!AI34+Jun!AI34+Jul!AI34+Aug!AI34+Sep!AI34+Oct!AI34+Nov!AI34+Dec!AI34+Jan!AI35+Feb!AI35+Mar!AI35+Apr!AI35+May!AI35+Jun!AI35+Jul!AI35+Aug!AI35+Sep!AI35+Oct!AI35+Nov!AI35+Dec!AI35)/2 | E19: =(Jan!AJ34+Feb!AJ34+Mar!AJ34+Apr!AJ34+May!AJ34+Jun!AJ34+Jul!AJ34+Aug!AJ34+Sep!AJ34+Oct!AJ34+Nov!AJ34+Dec!AJ34+Jan!AJ35+Feb!AJ35+Mar!AJ35+Apr!AJ35+May!AJ35+Jun!AJ35+Jul!AJ35+Aug!AJ35+Sep!AJ35+Oct!AJ35+Nov!AJ35+Dec!AJ35)/2 | F19: =(Jan!AK34+Feb!AK34+Mar!AK34+Apr!AK34+May!AK34+Jun!AK34+Jul!AK34+Aug!AK34+Sep!AK34+Oct!AK34+Nov!AK34+Dec!AK34+Jan!AK35+Feb!AK35+Mar!AK35+Apr!AK35+May!AK35+Jun!AK35+Jul!AK35+Aug!AK35+Sep!AK35+Oct!AK35+Nov!AK35+Dec!AK35)/2 | G19: =(Jan!AL34+Feb!AL34+Mar!AL34+Apr!AL34+May!AL34+Jun!AL34+Jul!AL34+Aug!AL34+Sep!AL34+Oct!AL34+Nov!AL34+Dec!AL34+Jan!AL35+Feb!AL35+Mar!AL35+Apr!AL35+May!AL35+Jun!AL35+Jul!AL35+Aug!AL35+Sep!AL35+Oct!AL35+Nov!AL35+Dec!AL35)/2 | H19: =(Jan!AM34+Feb!AM34+Mar!AM34+Apr!AM34+May!AM34+Jun!AM34+Jul!AM34+Aug!AM34+Sep!AM34+Oct!AM34+Nov!AM34+Dec!AM34+Jan!AM35+Feb!AM35+Mar!AM35+Apr!AM35+May!AM35+Jun!AM35+Jul!AM35+Aug!AM35+Sep!AM35+Oct!AM35+Nov!AM35+Dec!AM35)/2 | I19: =(Jan!AN34+Feb!AN34+Mar!AN34+Apr!AN34+May!AN34+Jun!AN34+Jul!AN34+Aug!AN34+Sep!AN34+Oct!AN34+Nov!AN34+Dec!AN34+Jan!AN35+Feb!AN35+Mar!AN35+Apr!AN35+May!AN35+Jun!AN35+Jul!AN35+Aug!AN35+Sep!AN35+Oct!AN35+Nov!AN35+Dec!AN35)/2
A20: =Jan!A36 | B20: =(Jan!AG36+Feb!AG36+Mar!AG36+Apr!AG36+May!AG36+Jun!AG36+Jul!AG36+Aug!AG36+Sep!AG36+Oct!AG36+Nov!AG36+Dec!AG36+Jan!AG37+Feb!AG37+Mar!AG37+Apr!AG37+May!AG37+Jun!AG37+Jul!AG37+Aug!AG37+Sep!AG37+Oct!AG37+Nov!AG37+Dec!AG37)/2 | C20: =(Jan!AH36+Feb!AH36+Mar!AH36+Apr!AH36+May!AH36+Jun!AH36+Jul!AH36+Aug!AH36+Sep!AH36+Oct!AH36+Nov!AH36+Dec!AH36+Jan!AH37+Feb!AH37+Mar!AH37+Apr!AH37+May!AH37+Jun!AH37+Jul!AH37+Aug!AH37+Sep!AH37+Oct!AH37+Nov!AH37+Dec!AH37)/2 | D20: =(Jan!AI36+Feb!AI36+Mar!AI36+Apr!AI36+May!AI36+Jun!AI36+Jul!AI36+Aug!AI36+Sep!AI36+Oct!AI36+Nov!AI36+Dec!AI36+Jan!AI37+Feb!AI37+Mar!AI37+Apr!AI37+May!AI37+Jun!AI37+Jul!AI37+Aug!AI37+Sep!AI37+Oct!AI37+Nov!AI37+Dec!AI37)/2 | E20: =(Jan!AJ36+Feb!AJ36+Mar!AJ36+Apr!AJ36+May!AJ36+Jun!AJ36+Jul!AJ36+Aug!AJ36+Sep!AJ36+Oct!AJ36+Nov!AJ36+Dec!AJ36+Jan!AJ37+Feb!AJ37+Mar!AJ37+Apr!AJ37+May!AJ37+Jun!AJ37+Jul!AJ37+Aug!AJ37+Sep!AJ37+Oct!AJ37+Nov!AJ37+Dec!AJ37)/2 | F20: =(Jan!AK36+Feb!AK36+Mar!AK36+Apr!AK36+May!AK36+Jun!AK36+Jul!AK36+Aug!AK36+Sep!AK36+Oct!AK36+Nov!AK36+Dec!AK36+Jan!AK37+Feb!AK37+Mar!AK37+Apr!AK37+May!AK37+Jun!AK37+Jul!AK37+Aug!AK37+Sep!AK37+Oct!AK37+Nov!AK37+Dec!AK37)/2 | G20: =(Jan!AL36+Feb!AL36+Mar!AL36+Apr!AL36+May!AL36+Jun!AL36+Jul!AL36+Aug!AL36+Sep!AL36+Oct!AL36+Nov!AL36+Dec!AL36+Jan!AL37+Feb!AL37+Mar!AL37+Apr!AL37+May!AL37+Jun!AL37+Jul!AL37+Aug!AL37+Sep!AL37+Oct!AL37+Nov!AL37+Dec!AL37)/2 | H20: =(Jan!AM36+Feb!AM36+Mar!AM36+Apr!AM36+May!AM36+Jun!AM36+Jul!AM36+Aug!AM36+Sep!AM36+Oct!AM36+Nov!AM36+Dec!AM36+Jan!AM37+Feb!AM37+Mar!AM37+Apr!AM37+May!AM37+Jun!AM37+Jul!AM37+Aug!AM37+Sep!AM37+Oct!AM37+Nov!AM37+Dec!AM37)/2 | I20: =(Jan!AN36+Feb!AN36+Mar!AN36+Apr!AN36+May!AN36+Jun!AN36+Jul!AN36+Aug!AN36+Sep!AN36+Oct!AN36+Nov!AN36+Dec!AN36+Jan!AN37+Feb!AN37+Mar!AN37+Apr!AN37+May!AN37+Jun!AN37+Jul!AN37+Aug!AN37+Sep!AN37+Oct!AN37+Nov!AN37+Dec!AN37)/2
A21: =Jan!A38 | B21: =(Jan!AG38+Feb!AG38+Mar!AG38+Apr!AG38+May!AG38+Jun!AG38+Jul!AG38+Aug!AG38+Sep!AG38+Oct!AG38+Nov!AG38+Dec!AG38+Jan!AG39+Feb!AG39+Mar!AG39+Apr!AG39+May!AG39+Jun!AG39+Jul!AG39+Aug!AG39+Sep!AG39+Oct!AG39+Nov!AG39+Dec!AG39)/2 | C21: =(Jan!AH38+Feb!AH38+Mar!AH38+Apr!AH38+May!AH38+Jun!AH38+Jul!AH38+Aug!AH38+Sep!AH38+Oct!AH38+Nov!AH38+Dec!AH38+Jan!AH39+Feb!AH39+Mar!AH39+Apr!AH39+May!AH39+Jun!AH39+Jul!AH39+Aug!AH39+Sep!AH39+Oct!AH39+Nov!AH39+Dec!AH39)/2 | D21: =(Jan!AI38+Feb!AI38+Mar!AI38+Apr!AI38+May!AI38+Jun!AI38+Jul!AI38+Aug!AI38+Sep!AI38+Oct!AI38+Nov!AI38+Dec!AI38+Jan!AI39+Feb!AI39+Mar!AI39+Apr!AI39+May!AI39+Jun!AI39+Jul!AI39+Aug!AI39+Sep!AI39+Oct!AI39+Nov!AI39+Dec!AI39)/2 | E21: =(Jan!AJ38+Feb!AJ38+Mar!AJ38+Apr!AJ38+May!AJ38+Jun!AJ38+Jul!AJ38+Aug!AJ38+Sep!AJ38+Oct!AJ38+Nov!AJ38+Dec!AJ38+Jan!AJ39+Feb!AJ39+Mar!AJ39+Apr!AJ39+May!AJ39+Jun!AJ39+Jul!AJ39+Aug!AJ39+Sep!AJ39+Oct!AJ39+Nov!AJ39+Dec!AJ39)/2 | F21: =(Jan!AK38+Feb!AK38+Mar!AK38+Apr!AK38+May!AK38+Jun!AK38+Jul!AK38+Aug!AK38+Sep!AK38+Oct!AK38+Nov!AK38+Dec!AK38+Jan!AK39+Feb!AK39+Mar!AK39+Apr!AK39+May!AK39+Jun!AK39+Jul!AK39+Aug!AK39+Sep!AK39+Oct!AK39+Nov!AK39+Dec!AK39)/2 | G21: =(Jan!AL38+Feb!AL38+Mar!AL38+Apr!AL38+May!AL38+Jun!AL38+Jul!AL38+Aug!AL38+Sep!AL38+Oct!AL38+Nov!AL38+Dec!AL38+Jan!AL39+Feb!AL39+Mar!AL39+Apr!AL39+May!AL39+Jun!AL39+Jul!AL39+Aug!AL39+Sep!AL39+Oct!AL39+Nov!AL39+Dec!AL39)/2 | H21: =(Jan!AM38+Feb!AM38+Mar!AM38+Apr!AM38+May!AM38+Jun!AM38+Jul!AM38+Aug!AM38+Sep!AM38+Oct!AM38+Nov!AM38+Dec!AM38+Jan!AM39+Feb!AM39+Mar!AM39+Apr!AM39+May!AM39+Jun!AM39+Jul!AM39+Aug!AM39+Sep!AM39+Oct!AM39+Nov!AM39+Dec!AM39)/2 | I21: =(Jan!AN38+Feb!AN38+Mar!AN38+Apr!AN38+May!AN38+Jun!AN38+Jul!AN38+Aug!AN38+Sep!AN38+Oct!AN38+Nov!AN38+Dec!AN38+Jan!AN39+Feb!AN39+Mar!AN39+Apr!AN39+May!AN39+Jun!AN39+Jul!AN39+Aug!AN39+Sep!AN39+Oct!AN39+Nov!AN39+Dec!AN39)/2
A22: =Jan!A40 | B22: =(Jan!AG40+Feb!AG40+Mar!AG40+Apr!AG40+May!AG40+Jun!AG40+Jul!AG40+Aug!AG40+Sep!AG40+Oct!AG40+Nov!AG40+Dec!AG40+Jan!AG41+Feb!AG41+Mar!AG41+Apr!AG41+May!AG41+Jun!AG41+Jul!AG41+Aug!AG41+Sep!AG41+Oct!AG41+Nov!AG41+Dec!AG41)/2 | C22: =(Jan!AH40+Feb!AH40+Mar!AH40+Apr!AH40+May!AH40+Jun!AH40+Jul!AH40+Aug!AH40+Sep!AH40+Oct!AH40+Nov!AH40+Dec!AH40+Jan!AH41+Feb!AH41+Mar!AH41+Apr!AH41+May!AH41+Jun!AH41+Jul!AH41+Aug!AH41+Sep!AH41+Oct!AH41+Nov!AH41+Dec!AH41)/2 | D22: =(Jan!AI40+Feb!AI40+Mar!AI40+Apr!AI40+May!AI40+Jun!AI40+Jul!AI40+Aug!AI40+Sep!AI40+Oct!AI40+Nov!AI40+Dec!AI40+Jan!AI41+Feb!AI41+Mar!AI41+Apr!AI41+May!AI41+Jun!AI41+Jul!AI41+Aug!AI41+Sep!AI41+Oct!AI41+Nov!AI41+Dec!AI41)/2 | E22: =(Jan!AJ40+Feb!AJ40+Mar!AJ40+Apr!AJ40+May!AJ40+Jun!AJ40+Jul!AJ40+Aug!AJ40+Sep!AJ40+Oct!AJ40+Nov!AJ40+Dec!AJ40+Jan!AJ41+Feb!AJ41+Mar!AJ41+Apr!AJ41+May!AJ41+Jun!AJ41+Jul!AJ41+Aug!AJ41+Sep!AJ41+Oct!AJ41+Nov!AJ41+Dec!AJ41)/2 | F22: =(Jan!AK40+Feb!AK40+Mar!AK40+Apr!AK40+May!AK40+Jun!AK40+Jul!AK40+Aug!AK40+Sep!AK40+Oct!AK40+Nov!AK40+Dec!AK40+Jan!AK41+Feb!AK41+Mar!AK41+Apr!AK41+May!AK41+Jun!AK41+Jul!AK41+Aug!AK41+Sep!AK41+Oct!AK41+Nov!AK41+Dec!AK41)/2 | G22: =(Jan!AL40+Feb!AL40+Mar!AL40+Apr!AL40+May!AL40+Jun!AL40+Jul!AL40+Aug!AL40+Sep!AL40+Oct!AL40+Nov!AL40+Dec!AL40+Jan!AL41+Feb!AL41+Mar!AL41+Apr!AL41+May!AL41+Jun!AL41+Jul!AL41+Aug!AL41+Sep!AL41+Oct!AL41+Nov!AL41+Dec!AL41)/2 | H22: =(Jan!AM40+Feb!AM40+Mar!AM40+Apr!AM40+May!AM40+Jun!AM40+Jul!AM40+Aug!AM40+Sep!AM40+Oct!AM40+Nov!AM40+Dec!AM40+Jan!AM41+Feb!AM41+Mar!AM41+Apr!AM41+May!AM41+Jun!AM41+Jul!AM41+Aug!AM41+Sep!AM41+Oct!AM41+Nov!AM41+Dec!AM41)/2 | I22: =(Jan!AN40+Feb!AN40+Mar!AN40+Apr!AN40+May!AN40+Jun!AN40+Jul!AN40+Aug!AN40+Sep!AN40+Oct!AN40+Nov!AN40+Dec!AN40+Jan!AN41+Feb!AN41+Mar!AN41+Apr!AN41+May!AN41+Jun!AN41+Jul!AN41+Aug!AN41+Sep!AN41+Oct!AN41+Nov!AN41+Dec!AN41)/2
A23: =Jan!A42 | B23: =(Jan!AG42+Feb!AG42+Mar!AG42+Apr!AG42+May!AG42+Jun!AG42+Jul!AG42+Aug!AG42+Sep!AG42+Oct!AG42+Nov!AG42+Dec!AG42+Jan!AG43+Feb!AG43+Mar!AG43+Apr!AG43+May!AG43+Jun!AG43+Jul!AG43+Aug!AG43+Sep!AG43+Oct!AG43+Nov!AG43+Dec!AG43)/2 | C23: =(Jan!AH42+Feb!AH42+Mar!AH42+Apr!AH42+May!AH42+Jun!AH42+Jul!AH42+Aug!AH42+Sep!AH42+Oct!AH42+Nov!AH42+Dec!AH42+Jan!AH43+Feb!AH43+Mar!AH43+Apr!AH43+May!AH43+Jun!AH43+Jul!AH43+Aug!AH43+Sep!AH43+Oct!AH43+Nov!AH43+Dec!AH43)/2 | D23: =(Jan!AI42+Feb!AI42+Mar!AI42+Apr!AI42+May!AI42+Jun!AI42+Jul!AI42+Aug!AI42+Sep!AI42+Oct!AI42+Nov!AI42+Dec!AI42+Jan!AI43+Feb!AI43+Mar!AI43+Apr!AI43+May!AI43+Jun!AI43+Jul!AI43+Aug!AI43+Sep!AI43+Oct!AI43+Nov!AI43+Dec!AI43)/2 | E23: =(Jan!AJ42+Feb!AJ42+Mar!AJ42+Apr!AJ42+May!AJ42+Jun!AJ42+Jul!AJ42+Aug!AJ42+Sep!AJ42+Oct!AJ42+Nov!AJ42+Dec!AJ42+Jan!AJ43+Feb!AJ43+Mar!AJ43+Apr!AJ43+May!AJ43+Jun!AJ43+Jul!AJ43+Aug!AJ43+Sep!AJ43+Oct!AJ43+Nov!AJ43+Dec!AJ43)/2 | F23: =(Jan!AK42+Feb!AK42+Mar!AK42+Apr!AK42+May!AK42+Jun!AK42+Jul!AK42+Aug!AK42+Sep!AK42+Oct!AK42+Nov!AK42+Dec!AK42+Jan!AK43+Feb!AK43+Mar!AK43+Apr!AK43+May!AK43+Jun!AK43+Jul!AK43+Aug!AK43+Sep!AK43+Oct!AK43+Nov!AK43+Dec!AK43)/2 | G23: =(Jan!AL42+Feb!AL42+Mar!AL42+Apr!AL42+May!AL42+Jun!AL42+Jul!AL42+Aug!AL42+Sep!AL42+Oct!AL42+Nov!AL42+Dec!AL42+Jan!AL43+Feb!AL43+Mar!AL43+Apr!AL43+May!AL43+Jun!AL43+Jul!AL43+Aug!AL43+Sep!AL43+Oct!AL43+Nov!AL43+Dec!AL43)/2 | H23: =(Jan!AM42+Feb!AM42+Mar!AM42+Apr!AM42+May!AM42+Jun!AM42+Jul!AM42+Aug!AM42+Sep!AM42+Oct!AM42+Nov!AM42+Dec!AM42+Jan!AM43+Feb!AM43+Mar!AM43+Apr!AM43+May!AM43+Jun!AM43+Jul!AM43+Aug!AM43+Sep!AM43+Oct!AM43+Nov!AM43+Dec!AM43)/2 | I23: =(Jan!AN42+Feb!AN42+Mar!AN42+Apr!AN42+May!AN42+Jun!AN42+Jul!AN42+Aug!AN42+Sep!AN42+Oct!AN42+Nov!AN42+Dec!AN42+Jan!AN43+Feb!AN43+Mar!AN43+Apr!AN43+May!AN43+Jun!AN43+Jul!AN43+Aug!AN43+Sep!AN43+Oct!AN43+Nov!AN43+Dec!AN43)/2
A24: =Jan!A44 | B24: =(Jan!AG44+Feb!AG44+Mar!AG44+Apr!AG44+May!AG44+Jun!AG44+Jul!AG44+Aug!AG44+Sep!AG44+Oct!AG44+Nov!AG44+Dec!AG44+Jan!AG45+Feb!AG45+Mar!AG45+Apr!AG45+May!AG45+Jun!AG45+Jul!AG45+Aug!AG45+Sep!AG45+Oct!AG45+Nov!AG45+Dec!AG45)/2 | C24: =(Jan!AH44+Feb!AH44+Mar!AH44+Apr!AH44+May!AH44+Jun!AH44+Jul!AH44+Aug!AH44+Sep!AH44+Oct!AH44+Nov!AH44+Dec!AH44+Jan!AH45+Feb!AH45+Mar!AH45+Apr!AH45+May!AH45+Jun!AH45+Jul!AH45+Aug!AH45+Sep!AH45+Oct!AH45+Nov!AH45+Dec!AH45)/2 | D24: =(Jan!AI44+Feb!AI44+Mar!AI44+Apr!AI44+May!AI44+Jun!AI44+Jul!AI44+Aug!AI44+Sep!AI44+Oct!AI44+Nov!AI44+Dec!AI44+Jan!AI45+Feb!AI45+Mar!AI45+Apr!AI45+May!AI45+Jun!AI45+Jul!AI45+Aug!AI45+Sep!AI45+Oct!AI45+Nov!AI45+Dec!AI45)/2 | E24: =(Jan!AJ44+Feb!AJ44+Mar!AJ44+Apr!AJ44+May!AJ44+Jun!AJ44+Jul!AJ44+Aug!AJ44+Sep!AJ44+Oct!AJ44+Nov!AJ44+Dec!AJ44+Jan!AJ45+Feb!AJ45+Mar!AJ45+Apr!AJ45+May!AJ45+Jun!AJ45+Jul!AJ45+Aug!AJ45+Sep!AJ45+Oct!AJ45+Nov!AJ45+Dec!AJ45)/2 | F24: =(Jan!AK44+Feb!AK44+Mar!AK44+Apr!AK44+May!AK44+Jun!AK44+Jul!AK44+Aug!AK44+Sep!AK44+Oct!AK44+Nov!AK44+Dec!AK44+Jan!AK45+Feb!AK45+Mar!AK45+Apr!AK45+May!AK45+Jun!AK45+Jul!AK45+Aug!AK45+Sep!AK45+Oct!AK45+Nov!AK45+Dec!AK45)/2 | G24: =(Jan!AL44+Feb!AL44+Mar!AL44+Apr!AL44+May!AL44+Jun!AL44+Jul!AL44+Aug!AL44+Sep!AL44+Oct!AL44+Nov!AL44+Dec!AL44+Jan!AL45+Feb!AL45+Mar!AL45+Apr!AL45+May!AL45+Jun!AL45+Jul!AL45+Aug!AL45+Sep!AL45+Oct!AL45+Nov!AL45+Dec!AL45)/2 | H24: =(Jan!AM44+Feb!AM44+Mar!AM44+Apr!AM44+May!AM44+Jun!AM44+Jul!AM44+Aug!AM44+Sep!AM44+Oct!AM44+Nov!AM44+Dec!AM44+Jan!AM45+Feb!AM45+Mar!AM45+Apr!AM45+May!AM45+Jun!AM45+Jul!AM45+Aug!AM45+Sep!AM45+Oct!AM45+Nov!AM45+Dec!AM45)/2 | I24: =(Jan!AN44+Feb!AN44+Mar!AN44+Apr!AN44+May!AN44+Jun!AN44+Jul!AN44+Aug!AN44+Sep!AN44+Oct!AN44+Nov!AN44+Dec!AN44+Jan!AN45+Feb!AN45+Mar!AN45+Apr!AN45+May!AN45+Jun!AN45+Jul!AN45+Aug!AN45+Sep!AN45+Oct!AN45+Nov!AN45+Dec!AN45)/2
A25: =Jan!A46 | B25: =(Jan!AG46+Feb!AG46+Mar!AG46+Apr!AG46+May!AG46+Jun!AG46+Jul!AG46+Aug!AG46+Sep!AG46+Oct!AG46+Nov!AG46+Dec!AG46+Jan!AG47+Feb!AG47+Mar!AG47+Apr!AG47+May!AG47+Jun!AG47+Jul!AG47+Aug!AG47+Sep!AG47+Oct!AG47+Nov!AG47+Dec!AG47)/2 | C25: =(Jan!AH46+Feb!AH46+Mar!AH46+Apr!AH46+May!AH46+Jun!AH46+Jul!AH46+Aug!AH46+Sep!AH46+Oct!AH46+Nov!AH46+Dec!AH46+Jan!AH47+Feb!AH47+Mar!AH47+Apr!AH47+May!AH47+Jun!AH47+Jul!AH47+Aug!AH47+Sep!AH47+Oct!AH47+Nov!AH47+Dec!AH47)/2 | D25: =(Jan!AI46+Feb!AI46+Mar!AI46+Apr!AI46+May!AI46+Jun!AI46+Jul!AI46+Aug!AI46+Sep!AI46+Oct!AI46+Nov!AI46+Dec!AI46+Jan!AI47+Feb!AI47+Mar!AI47+Apr!AI47+May!AI47+Jun!AI47+Jul!AI47+Aug!AI47+Sep!AI47+Oct!AI47+Nov!AI47+Dec!AI47)/2 | E25: =(Jan!AJ46+Feb!AJ46+Mar!AJ46+Apr!AJ46+May!AJ46+Jun!AJ46+Jul!AJ46+Aug!AJ46+Sep!AJ46+Oct!AJ46+Nov!AJ46+Dec!AJ46+Jan!AJ47+Feb!AJ47+Mar!AJ47+Apr!AJ47+May!AJ47+Jun!AJ47+Jul!AJ47+Aug!AJ47+Sep!AJ47+Oct!AJ47+Nov!AJ47+Dec!AJ47)/2 | F25: =(Jan!AK46+Feb!AK46+Mar!AK46+Apr!AK46+May!AK46+Jun!AK46+Jul!AK46+Aug!AK46+Sep!AK46+Oct!AK46+Nov!AK46+Dec!AK46+Jan!AK47+Feb!AK47+Mar!AK47+Apr!AK47+May!AK47+Jun!AK47+Jul!AK47+Aug!AK47+Sep!AK47+Oct!AK47+Nov!AK47+Dec!AK47)/2 | G25: =(Jan!AL46+Feb!AL46+Mar!AL46+Apr!AL46+May!AL46+Jun!AL46+Jul!AL46+Aug!AL46+Sep!AL46+Oct!AL46+Nov!AL46+Dec!AL46+Jan!AL47+Feb!AL47+Mar!AL47+Apr!AL47+May!AL47+Jun!AL47+Jul!AL47+Aug!AL47+Sep!AL47+Oct!AL47+Nov!AL47+Dec!AL47)/2 | H25: =(Jan!AM46+Feb!AM46+Mar!AM46+Apr!AM46+May!AM46+Jun!AM46+Jul!AM46+Aug!AM46+Sep!AM46+Oct!AM46+Nov!AM46+Dec!AM46+Jan!AM47+Feb!AM47+Mar!AM47+Apr!AM47+May!AM47+Jun!AM47+Jul!AM47+Aug!AM47+Sep!AM47+Oct!AM47+Nov!AM47+Dec!AM47)/2 | I25: =(Jan!AN46+Feb!AN46+Mar!AN46+Apr!AN46+May!AN46+Jun!AN46+Jul!AN46+Aug!AN46+Sep!AN46+Oct!AN46+Nov!AN46+Dec!AN46+Jan!AN47+Feb!AN47+Mar!AN47+Apr!AN47+May!AN47+Jun!AN47+Jul!AN47+Aug!AN47+Sep!AN47+Oct!AN47+Nov!AN47+Dec!AN47)/2
A26: =Jan!A48 | B26: =(Jan!AG48+Feb!AG48+Mar!AG48+Apr!AG48+May!AG48+Jun!AG48+Jul!AG48+Aug!AG48+Sep!AG48+Oct!AG48+Nov!AG48+Dec!AG48+Jan!AG49+Feb!AG49+Mar!AG49+Apr!AG49+May!AG49+Jun!AG49+Jul!AG49+Aug!AG49+Sep!AG49+Oct!AG49+Nov!AG49+Dec!AG49)/2 | C26: =(Jan!AH48+Feb!AH48+Mar!AH48+Apr!AH48+May!AH48+Jun!AH48+Jul!AH48+Aug!AH48+Sep!AH48+Oct!AH48+Nov!AH48+Dec!AH48+Jan!AH49+Feb!AH49+Mar!AH49+Apr!AH49+May!AH49+Jun!AH49+Jul!AH49+Aug!AH49+Sep!AH49+Oct!AH49+Nov!AH49+Dec!AH49)/2 | D26: =(Jan!AI48+Feb!AI48+Mar!AI48+Apr!AI48+May!AI48+Jun!AI48+Jul!AI48+Aug!AI48+Sep!AI48+Oct!AI48+Nov!AI48+Dec!AI48+Jan!AI49+Feb!AI49+Mar!AI49+Apr!AI49+May!AI49+Jun!AI49+Jul!AI49+Aug!AI49+Sep!AI49+Oct!AI49+Nov!AI49+Dec!AI49)/2 | E26: =(Jan!AJ48+Feb!AJ48+Mar!AJ48+Apr!AJ48+May!AJ48+Jun!AJ48+Jul!AJ48+Aug!AJ48+Sep!AJ48+Oct!AJ48+Nov!AJ48+Dec!AJ48+Jan!AJ49+Feb!AJ49+Mar!AJ49+Apr!AJ49+May!AJ49+Jun!AJ49+Jul!AJ49+Aug!AJ49+Sep!AJ49+Oct!AJ49+Nov!AJ49+Dec!AJ49)/2 | F26: =(Jan!AK48+Feb!AK48+Mar!AK48+Apr!AK48+May!AK48+Jun!AK48+Jul!AK48+Aug!AK48+Sep!AK48+Oct!AK48+Nov!AK48+Dec!AK48+Jan!AK49+Feb!AK49+Mar!AK49+Apr!AK49+May!AK49+Jun!AK49+Jul!AK49+Aug!AK49+Sep!AK49+Oct!AK49+Nov!AK49+Dec!AK49)/2 | G26: =(Jan!AL48+Feb!AL48+Mar!AL48+Apr!AL48+May!AL48+Jun!AL48+Jul!AL48+Aug!AL48+Sep!AL48+Oct!AL48+Nov!AL48+Dec!AL48+Jan!AL49+Feb!AL49+Mar!AL49+Apr!AL49+May!AL49+Jun!AL49+Jul!AL49+Aug!AL49+Sep!AL49+Oct!AL49+Nov!AL49+Dec!AL49)/2 | H26: =(Jan!AM48+Feb!AM48+Mar!AM48+Apr!AM48+May!AM48+Jun!AM48+Jul!AM48+Aug!AM48+Sep!AM48+Oct!AM48+Nov!AM48+Dec!AM48+Jan!AM49+Feb!AM49+Mar!AM49+Apr!AM49+May!AM49+Jun!AM49+Jul!AM49+Aug!AM49+Sep!AM49+Oct!AM49+Nov!AM49+Dec!AM49)/2 | I26: =(Jan!AN48+Feb!AN48+Mar!AN48+Apr!AN48+May!AN48+Jun!AN48+Jul!AN48+Aug!AN48+Sep!AN48+Oct!AN48+Nov!AN48+Dec!AN48+Jan!AN49+Feb!AN49+Mar!AN49+Apr!AN49+May!AN49+Jun!AN49+Jul!AN49+Aug!AN49+Sep!AN49+Oct!AN49+Nov!AN49+Dec!AN49)/2
